sale_date,product_name,product_category,product_description,sale_channel,production_cost,sale_price
31/1/2024,Colombian Comfort,Catimor,Smooth and nutty with a caramel finish,whatsapp,138.61,202.81
15/11/2024,Caramel Creme Dream,Excelsa,Rich and bold with hints of chocolate,web-site,139.47,204.26
1/8/2024,Jamaican Java Joy,Catimor,Light and crisp with a citrus twist,in-store,138.59,193.34
14/4/2024,Morning Blend Magic,Liberica,Dark roast with a smoky undertone,in-store,103.09,134.56
24/6/2024,French Vanilla Fantasy,Liberica,Dark roast with a smoky undertone,in-store,54.13,199.48
23/3/2024,Jamaican Java Joy,Robusta,Light and crisp with a citrus twist,in-store,106.67,30.85
21/6/2024,Hazelnut Heaven,Robusta,Rich and bold with hints of chocolate,instagram,82.87,62.04
13/11/2024,Hazelnut Heaven,Excelsa,Smooth and nutty with a caramel finish,instagram,50.51,92.11
30/7/2024,Caramel Creme Dream,Excelsa,Bright and fruity with floral notes,in-store,145.73,205.68
26/1/2024,Mocha Madness,Excelsa,Bright and fruity with floral notes,in-store,100.83,175.89
31/8/2024,Mocha Madness,Catimor,Dark roast with a smoky undertone,web-site,113.26,103.72
22/4/2024,French Vanilla Fantasy,Robusta,Dark roast with a smoky undertone,web-site,98.42,153.06
3/12/2024,French Vanilla Fantasy,Arabica,Dark roast with a smoky undertone,whatsapp,76.29,98.25
21/9/2024,Espresso Elegance,Liberica,Dark roast with a smoky undertone,whatsapp,45.11,93.07
6/8/2024,Brazilian Beauty,Robusta,Smooth and nutty with a caramel finish,in-store,134.92,186.5
16/1/2024,Ethiopian Excellence,Robusta,Light and crisp with a citrus twist,whatsapp,48.79,190.33
19/1/2024,Guatemalan Gold,Excelsa,Dark roast with a smoky undertone,in-store,138.9,191.17
6/8/2024,Colombian Comfort,Catimor,Rich and bold with hints of chocolate,in-store,57.6,103.61
29/7/2024,Peruvian Perfection,Excelsa,Rich and bold with hints of chocolate,instagram,63.44,182.49
21/4/2024,French Vanilla Fantasy,Excelsa,Rich and bold with hints of chocolate,whatsapp,79.51,133.74
3/3/2024,Guatemalan Gold,Robusta,Light and crisp with a citrus twist,whatsapp,80.74,47.26
14/6/2024,Costa Rican Classic,Catimor,Smooth and nutty with a caramel finish,whatsapp,67.04,166.05
21/2/2024,Guatemalan Gold,Excelsa,Light and crisp with a citrus twist,web-site,114.11,174.72
14/9/2024,Espresso Elegance,Catimor,Rich and bold with hints of chocolate,web-site,94.73,64.73
28/7/2024,Hazelnut Heaven,Catimor,Rich and bold with hints of chocolate,instagram,118.81,154.78
10/3/2024,Caramel Creme Dream,Liberica,Rich and bold with hints of chocolate,instagram,90.44,127.81
22/11/2024,Hazelnut Heaven,Catimor,Rich and bold with hints of chocolate,in-store,60.02,212.04
5/1/2024,Hazelnut Heaven,Liberica,Smooth and nutty with a caramel finish,web-site,73.02,155.79
15/7/2024,Colombian Comfort,Liberica,Smooth and nutty with a caramel finish,whatsapp,29.9,96.54
1/9/2024,Sumatra Sunrise,Robusta,Dark roast with a smoky undertone,instagram,76.89,161.14
31/3/2024,Morning Blend Magic,Robusta,Bright and fruity with floral notes,in-store,58.69,39.43
12/1/2024,Costa Rican Classic,Liberica,Light and crisp with a citrus twist,web-site,114.04,124.89
1/1/2024,Caramel Creme Dream,Robusta,Light and crisp with a citrus twist,web-site,83.39,124.13
13/4/2024,Brazilian Beauty,Liberica,Dark roast with a smoky undertone,web-site,94.16,108.92
28/8/2024,Sumatra Sunrise,Robusta,Light and crisp with a citrus twist,whatsapp,55.62,165.79
26/4/2024,Mocha Madness,Robusta,Dark roast with a smoky undertone,web-site,87.77,147.64
6/10/2024,French Vanilla Fantasy,Robusta,Bright and fruity with floral notes,whatsapp,68.92,197.33
28/2/2024,Guatemalan Gold,Arabica,Light and crisp with a citrus twist,instagram,25.82,193.68
20/4/2024,Jamaican Java Joy,Robusta,Dark roast with a smoky undertone,whatsapp,106.23,52.47
5/1/2024,Brazilian Beauty,Catimor,Light and crisp with a citrus twist,in-store,53.09,45.25
28/8/2024,Ethiopian Excellence,Catimor,Bright and fruity with floral notes,web-site,41.15,58.64
8/6/2024,Mocha Madness,Catimor,Bright and fruity with floral notes,instagram,24.04,55.7
11/11/2024,Hazelnut Heaven,Liberica,Dark roast with a smoky undertone,whatsapp,85.42,115.42
24/2/2024,Peruvian Perfection,Robusta,Bright and fruity with floral notes,instagram,34.98,170.07
22/9/2024,Guatemalan Gold,Excelsa,Bright and fruity with floral notes,whatsapp,37.1,124.4
16/3/2024,French Vanilla Fantasy,Catimor,Smooth and nutty with a caramel finish,in-store,113.54,73.65
4/3/2024,Espresso Elegance,Robusta,Smooth and nutty with a caramel finish,instagram,105.27,147.46
29/2/2024,Espresso Elegance,Liberica,Smooth and nutty with a caramel finish,instagram,122.48,191.24
15/5/2024,Guatemalan Gold,Excelsa,Rich and bold with hints of chocolate,in-store,132.13,97.38
16/9/2024,Brazilian Beauty,Liberica,Smooth and nutty with a caramel finish,in-store,84.47,99.6
18/9/2024,Dark Roast Delight,Catimor,Bright and fruity with floral notes,instagram,133.57,43.09
13/4/2024,French Vanilla Fantasy,Catimor,Smooth and nutty with a caramel finish,web-site,145.34,46.32
25/2/2024,Brazilian Beauty,Liberica,Bright and fruity with floral notes,in-store,130.04,193.42
7/2/2024,Morning Blend Magic,Liberica,Rich and bold with hints of chocolate,in-store,125.01,211.48
30/5/2024,Mocha Madness,Liberica,Bright and fruity with floral notes,in-store,101.27,151.81
14/9/2024,Costa Rican Classic,Catimor,Dark roast with a smoky undertone,in-store,22.56,161.19
24/6/2024,Costa Rican Classic,Catimor,Rich and bold with hints of chocolate,whatsapp,53.35,175.38
21/4/2024,Guatemalan Gold,Robusta,Dark roast with a smoky undertone,web-site,72.06,113.9
14/8/2024,Peruvian Perfection,Liberica,Light and crisp with a citrus twist,instagram,42.26,157.02
9/11/2024,French Vanilla Fantasy,Arabica,Rich and bold with hints of chocolate,whatsapp,119.6,133.02
26/9/2024,Ethiopian Excellence,Liberica,Bright and fruity with floral notes,web-site,113.96,129.63
3/9/2024,Hazelnut Heaven,Liberica,Rich and bold with hints of chocolate,instagram,31.62,155.94
30/11/2024,Hazelnut Heaven,Robusta,Smooth and nutty with a caramel finish,instagram,134.65,30.19
27/8/2024,Espresso Elegance,Excelsa,Light and crisp with a citrus twist,whatsapp,117.15,168.79
23/7/2024,Ethiopian Excellence,Robusta,Light and crisp with a citrus twist,in-store,149.86,106.93
9/8/2024,Hazelnut Heaven,Robusta,Bright and fruity with floral notes,web-site,93.4,122.14
10/11/2024,Peruvian Perfection,Liberica,Rich and bold with hints of chocolate,instagram,113.85,114.63
7/3/2024,Espresso Elegance,Arabica,Light and crisp with a citrus twist,web-site,45.86,103.8
21/4/2024,Ethiopian Excellence,Arabica,Smooth and nutty with a caramel finish,web-site,131.63,90.96
2/12/2024,French Vanilla Fantasy,Catimor,Dark roast with a smoky undertone,web-site,52.01,181.01
4/4/2024,Espresso Elegance,Catimor,Bright and fruity with floral notes,whatsapp,114.81,174.52
26/5/2024,Mocha Madness,Arabica,Rich and bold with hints of chocolate,in-store,64.1,163.95
17/11/2024,Colombian Comfort,Arabica,Dark roast with a smoky undertone,web-site,78.18,180.86
16/5/2024,Jamaican Java Joy,Arabica,Rich and bold with hints of chocolate,in-store,121.92,177.81
29/10/2024,Morning Blend Magic,Liberica,Bright and fruity with floral notes,instagram,99.5,196.85
9/3/2024,Mocha Madness,Liberica,Smooth and nutty with a caramel finish,whatsapp,102.31,212.21
22/11/2024,Brazilian Beauty,Liberica,Dark roast with a smoky undertone,web-site,92.2,135.3
26/11/2024,French Vanilla Fantasy,Excelsa,Smooth and nutty with a caramel finish,in-store,45.96,60.42
17/1/2024,French Vanilla Fantasy,Arabica,Smooth and nutty with a caramel finish,whatsapp,119.52,173.34
20/10/2024,Guatemalan Gold,Catimor,Light and crisp with a citrus twist,web-site,78.02,118.06
4/1/2024,Colombian Comfort,Excelsa,Light and crisp with a citrus twist,web-site,45.8,160.04
13/11/2024,Costa Rican Classic,Arabica,Dark roast with a smoky undertone,whatsapp,113.83,210.24
27/7/2024,Hazelnut Heaven,Catimor,Light and crisp with a citrus twist,in-store,86.49,66.99
6/10/2024,Mocha Madness,Catimor,Rich and bold with hints of chocolate,instagram,137.55,158.16
3/7/2024,Dark Roast Delight,Arabica,Smooth and nutty with a caramel finish,web-site,112.02,136.25
27/2/2024,Espresso Elegance,Excelsa,Bright and fruity with floral notes,web-site,119.55,72.07
11/8/2024,Brazilian Beauty,Liberica,Bright and fruity with floral notes,in-store,120.77,148.87
11/5/2024,Mocha Madness,Robusta,Dark roast with a smoky undertone,whatsapp,60.22,211.58
12/10/2024,Jamaican Java Joy,Liberica,Bright and fruity with floral notes,web-site,120.07,210.24
29/5/2024,Morning Blend Magic,Excelsa,Light and crisp with a citrus twist,whatsapp,31.65,126.88
18/9/2024,Peruvian Perfection,Arabica,Bright and fruity with floral notes,web-site,64.16,42.24
13/7/2024,Costa Rican Classic,Robusta,Light and crisp with a citrus twist,instagram,102.49,142.82
21/5/2024,Jamaican Java Joy,Arabica,Smooth and nutty with a caramel finish,web-site,106.26,181.41
3/8/2024,Morning Blend Magic,Arabica,Dark roast with a smoky undertone,in-store,131.37,84.23
22/1/2024,Peruvian Perfection,Robusta,Dark roast with a smoky undertone,web-site,35.0,76.66
31/1/2024,Espresso Elegance,Excelsa,Smooth and nutty with a caramel finish,in-store,88.43,75.83
19/3/2024,Caramel Creme Dream,Liberica,Light and crisp with a citrus twist,in-store,50.98,163.18
14/9/2024,Colombian Comfort,Arabica,Dark roast with a smoky undertone,in-store,144.34,137.97
28/4/2024,Morning Blend Magic,Excelsa,Light and crisp with a citrus twist,whatsapp,102.05,149.72
28/9/2024,Jamaican Java Joy,Catimor,Dark roast with a smoky undertone,web-site,105.38,76.49
1/11/2024,Jamaican Java Joy,Liberica,Rich and bold with hints of chocolate,instagram,111.69,126.58
7/5/2024,Ethiopian Excellence,Catimor,Smooth and nutty with a caramel finish,whatsapp,75.1,194.01
11/8/2024,Caramel Creme Dream,Liberica,Smooth and nutty with a caramel finish,instagram,23.16,141.57
13/5/2024,Hazelnut Heaven,Liberica,Dark roast with a smoky undertone,in-store,45.63,139.87
31/8/2024,Espresso Elegance,Excelsa,Smooth and nutty with a caramel finish,web-site,67.78,136.35
16/5/2024,Dark Roast Delight,Excelsa,Bright and fruity with floral notes,instagram,36.23,208.4
21/2/2024,Peruvian Perfection,Arabica,Bright and fruity with floral notes,instagram,61.13,158.96
29/5/2024,Jamaican Java Joy,Arabica,Rich and bold with hints of chocolate,web-site,111.5,183.32
1/1/2024,Brazilian Beauty,Arabica,Smooth and nutty with a caramel finish,in-store,66.97,130.75
5/6/2024,Mocha Madness,Catimor,Rich and bold with hints of chocolate,instagram,125.01,160.62
5/3/2024,Jamaican Java Joy,Arabica,Light and crisp with a citrus twist,whatsapp,58.9,63.54
28/12/2024,Caramel Creme Dream,Catimor,Smooth and nutty with a caramel finish,in-store,69.04,102.98
18/5/2024,Jamaican Java Joy,Excelsa,Smooth and nutty with a caramel finish,instagram,32.52,99.39
5/5/2024,Mocha Madness,Liberica,Dark roast with a smoky undertone,in-store,72.37,47.85
23/6/2024,Jamaican Java Joy,Excelsa,Rich and bold with hints of chocolate,in-store,135.85,193.51
22/3/2024,Morning Blend Magic,Robusta,Smooth and nutty with a caramel finish,in-store,78.41,182.34
2/6/2024,Ethiopian Excellence,Robusta,Smooth and nutty with a caramel finish,whatsapp,85.12,64.93
8/9/2024,Guatemalan Gold,Liberica,Dark roast with a smoky undertone,whatsapp,73.99,186.49
18/4/2024,Peruvian Perfection,Liberica,Rich and bold with hints of chocolate,instagram,81.19,209.13
4/1/2024,Mocha Madness,Robusta,Smooth and nutty with a caramel finish,in-store,123.25,191.82
9/11/2024,Espresso Elegance,Liberica,Smooth and nutty with a caramel finish,whatsapp,142.09,180.75
17/6/2024,Colombian Comfort,Excelsa,Smooth and nutty with a caramel finish,web-site,61.92,102.79
5/9/2024,Jamaican Java Joy,Arabica,Light and crisp with a citrus twist,web-site,56.98,131.9
11/6/2024,Ethiopian Excellence,Liberica,Bright and fruity with floral notes,instagram,121.78,208.19
3/1/2024,Morning Blend Magic,Excelsa,Light and crisp with a citrus twist,web-site,55.6,210.46
17/10/2024,Brazilian Beauty,Liberica,Dark roast with a smoky undertone,instagram,132.62,91.64
21/8/2024,Sumatra Sunrise,Robusta,Dark roast with a smoky undertone,whatsapp,32.0,53.38
16/11/2024,Colombian Comfort,Arabica,Smooth and nutty with a caramel finish,web-site,40.31,208.95
28/5/2024,Mocha Madness,Excelsa,Rich and bold with hints of chocolate,in-store,87.33,170.44
29/8/2024,Sumatra Sunrise,Liberica,Light and crisp with a citrus twist,instagram,106.87,203.52
31/10/2024,Brazilian Beauty,Arabica,Dark roast with a smoky undertone,instagram,133.86,68.94
25/1/2024,Peruvian Perfection,Arabica,Rich and bold with hints of chocolate,web-site,110.85,61.37
19/4/2024,Guatemalan Gold,Excelsa,Smooth and nutty with a caramel finish,web-site,74.16,29.91
24/8/2024,Caramel Creme Dream,Catimor,Dark roast with a smoky undertone,in-store,87.64,112.79
29/10/2024,Guatemalan Gold,Arabica,Light and crisp with a citrus twist,web-site,42.67,82.88
23/9/2024,Jamaican Java Joy,Catimor,Smooth and nutty with a caramel finish,whatsapp,99.52,208.52
9/12/2024,Dark Roast Delight,Excelsa,Light and crisp with a citrus twist,web-site,138.16,163.52
14/12/2024,Peruvian Perfection,Arabica,Dark roast with a smoky undertone,whatsapp,141.51,152.44
6/8/2024,Peruvian Perfection,Catimor,Rich and bold with hints of chocolate,web-site,51.99,184.51
24/11/2024,Dark Roast Delight,Liberica,Bright and fruity with floral notes,in-store,72.99,117.67
8/2/2024,Peruvian Perfection,Robusta,Light and crisp with a citrus twist,instagram,68.04,106.76
7/3/2024,Mocha Madness,Excelsa,Smooth and nutty with a caramel finish,instagram,33.91,207.38
30/3/2024,Ethiopian Excellence,Catimor,Dark roast with a smoky undertone,whatsapp,36.0,97.89
22/9/2024,Jamaican Java Joy,Excelsa,Bright and fruity with floral notes,in-store,147.26,38.54
3/4/2024,Costa Rican Classic,Catimor,Rich and bold with hints of chocolate,in-store,125.16,172.8
17/2/2024,French Vanilla Fantasy,Liberica,Dark roast with a smoky undertone,web-site,126.41,51.87
9/2/2024,Morning Blend Magic,Liberica,Bright and fruity with floral notes,web-site,120.79,196.61
14/9/2024,Morning Blend Magic,Robusta,Smooth and nutty with a caramel finish,whatsapp,104.94,108.32
22/12/2024,Sumatra Sunrise,Liberica,Dark roast with a smoky undertone,web-site,141.71,122.67
24/4/2024,Brazilian Beauty,Catimor,Light and crisp with a citrus twist,web-site,64.36,42.02
22/5/2024,Espresso Elegance,Excelsa,Smooth and nutty with a caramel finish,in-store,114.79,59.34
12/2/2024,Jamaican Java Joy,Excelsa,Light and crisp with a citrus twist,in-store,121.94,101.47
12/6/2024,Brazilian Beauty,Liberica,Light and crisp with a citrus twist,web-site,90.94,194.31
3/11/2024,Morning Blend Magic,Catimor,Light and crisp with a citrus twist,whatsapp,109.51,202.1
2/3/2024,Sumatra Sunrise,Catimor,Rich and bold with hints of chocolate,in-store,50.8,151.92
1/2/2024,Morning Blend Magic,Catimor,Dark roast with a smoky undertone,in-store,61.24,193.24
27/1/2024,Espresso Elegance,Liberica,Light and crisp with a citrus twist,web-site,146.84,73.94
18/10/2024,Ethiopian Excellence,Liberica,Dark roast with a smoky undertone,whatsapp,117.04,207.04
8/5/2024,Morning Blend Magic,Liberica,Bright and fruity with floral notes,whatsapp,114.19,186.31
19/12/2024,Sumatra Sunrise,Arabica,Bright and fruity with floral notes,web-site,35.07,92.32
27/7/2024,Caramel Creme Dream,Arabica,Dark roast with a smoky undertone,web-site,131.59,186.39
29/8/2024,Peruvian Perfection,Arabica,Bright and fruity with floral notes,web-site,114.93,72.77
13/12/2024,Espresso Elegance,Robusta,Dark roast with a smoky undertone,instagram,26.24,30.69
8/10/2024,Costa Rican Classic,Arabica,Smooth and nutty with a caramel finish,whatsapp,58.95,53.18
25/10/2024,Jamaican Java Joy,Arabica,Rich and bold with hints of chocolate,whatsapp,50.13,66.84
30/12/2024,Espresso Elegance,Liberica,Light and crisp with a citrus twist,web-site,41.51,96.92
19/12/2024,Guatemalan Gold,Catimor,Rich and bold with hints of chocolate,web-site,27.79,175.99
10/11/2024,Peruvian Perfection,Excelsa,Dark roast with a smoky undertone,whatsapp,73.88,201.15
27/12/2024,Mocha Madness,Liberica,Dark roast with a smoky undertone,whatsapp,99.53,182.08
29/2/2024,Costa Rican Classic,Arabica,Smooth and nutty with a caramel finish,web-site,21.06,34.49
23/6/2024,Costa Rican Classic,Liberica,Rich and bold with hints of chocolate,whatsapp,110.96,196.77
19/6/2024,Morning Blend Magic,Robusta,Rich and bold with hints of chocolate,instagram,110.37,162.02
3/7/2024,Sumatra Sunrise,Arabica,Rich and bold with hints of chocolate,instagram,88.13,109.83
9/1/2024,Morning Blend Magic,Liberica,Light and crisp with a citrus twist,whatsapp,20.64,189.99
4/5/2024,Mocha Madness,Robusta,Dark roast with a smoky undertone,instagram,60.49,88.85
22/4/2024,Jamaican Java Joy,Catimor,Rich and bold with hints of chocolate,in-store,58.36,77.01
11/11/2024,Sumatra Sunrise,Liberica,Dark roast with a smoky undertone,in-store,82.43,177.96
21/1/2024,Sumatra Sunrise,Liberica,Rich and bold with hints of chocolate,web-site,108.57,46.13
9/3/2024,Ethiopian Excellence,Liberica,Rich and bold with hints of chocolate,whatsapp,126.02,169.77
18/3/2024,Dark Roast Delight,Liberica,Light and crisp with a citrus twist,web-site,129.38,113.23
2/2/2024,Hazelnut Heaven,Liberica,Rich and bold with hints of chocolate,web-site,35.4,84.37
25/12/2024,Guatemalan Gold,Catimor,Dark roast with a smoky undertone,in-store,51.07,94.39
24/4/2024,Guatemalan Gold,Catimor,Dark roast with a smoky undertone,in-store,117.9,85.49
1/4/2024,Morning Blend Magic,Robusta,Light and crisp with a citrus twist,instagram,25.53,172.9
25/4/2024,Mocha Madness,Liberica,Dark roast with a smoky undertone,instagram,124.93,109.59
20/3/2024,Colombian Comfort,Robusta,Smooth and nutty with a caramel finish,in-store,32.23,52.75
16/10/2024,Espresso Elegance,Robusta,Bright and fruity with floral notes,instagram,134.41,169.05
17/6/2024,Costa Rican Classic,Liberica,Rich and bold with hints of chocolate,in-store,120.07,193.27
26/7/2024,Ethiopian Excellence,Arabica,Light and crisp with a citrus twist,web-site,36.41,43.67
19/7/2024,Costa Rican Classic,Catimor,Bright and fruity with floral notes,whatsapp,39.86,99.86
28/9/2024,Hazelnut Heaven,Robusta,Rich and bold with hints of chocolate,web-site,41.0,58.87
25/4/2024,French Vanilla Fantasy,Catimor,Bright and fruity with floral notes,in-store,89.58,56.73
4/12/2024,French Vanilla Fantasy,Catimor,Dark roast with a smoky undertone,instagram,44.12,138.17
26/3/2024,Jamaican Java Joy,Arabica,Dark roast with a smoky undertone,in-store,49.95,174.46
20/2/2024,Ethiopian Excellence,Catimor,Bright and fruity with floral notes,whatsapp,132.54,183.91
5/7/2024,Espresso Elegance,Liberica,Bright and fruity with floral notes,in-store,55.9,187.68
13/5/2024,Mocha Madness,Robusta,Bright and fruity with floral notes,in-store,24.3,135.13
8/2/2024,Espresso Elegance,Robusta,Smooth and nutty with a caramel finish,whatsapp,43.64,115.41
11/1/2024,Costa Rican Classic,Catimor,Light and crisp with a citrus twist,in-store,80.71,88.6
28/11/2024,Sumatra Sunrise,Liberica,Rich and bold with hints of chocolate,in-store,66.25,109.21
16/4/2024,Caramel Creme Dream,Liberica,Rich and bold with hints of chocolate,whatsapp,138.6,156.76
9/10/2024,Jamaican Java Joy,Arabica,Dark roast with a smoky undertone,whatsapp,56.86,72.91
27/3/2024,Mocha Madness,Robusta,Light and crisp with a citrus twist,instagram,75.35,139.44
29/6/2024,Colombian Comfort,Catimor,Dark roast with a smoky undertone,web-site,79.93,130.71
11/6/2024,Peruvian Perfection,Liberica,Smooth and nutty with a caramel finish,instagram,112.25,148.84
3/8/2024,Dark Roast Delight,Robusta,Smooth and nutty with a caramel finish,whatsapp,100.25,31.78
26/8/2024,Ethiopian Excellence,Liberica,Light and crisp with a citrus twist,in-store,46.07,147.58
11/2/2024,Brazilian Beauty,Arabica,Rich and bold with hints of chocolate,in-store,95.27,54.22
25/1/2024,Morning Blend Magic,Excelsa,Dark roast with a smoky undertone,whatsapp,122.43,117.69
18/2/2024,Ethiopian Excellence,Liberica,Dark roast with a smoky undertone,in-store,42.13,192.83
2/9/2024,Peruvian Perfection,Catimor,Smooth and nutty with a caramel finish,whatsapp,56.1,155.51
20/4/2024,Morning Blend Magic,Catimor,Smooth and nutty with a caramel finish,in-store,84.53,173.96
14/5/2024,Mocha Madness,Excelsa,Rich and bold with hints of chocolate,in-store,74.28,91.54
5/8/2024,Hazelnut Heaven,Excelsa,Light and crisp with a citrus twist,instagram,27.14,141.51
3/9/2024,Caramel Creme Dream,Catimor,Smooth and nutty with a caramel finish,web-site,74.74,205.74
21/9/2024,Brazilian Beauty,Arabica,Dark roast with a smoky undertone,in-store,114.16,120.38
8/2/2024,Caramel Creme Dream,Robusta,Smooth and nutty with a caramel finish,in-store,74.9,198.37
6/8/2024,Morning Blend Magic,Liberica,Smooth and nutty with a caramel finish,instagram,143.04,61.64
3/9/2024,French Vanilla Fantasy,Liberica,Bright and fruity with floral notes,in-store,106.34,44.67
12/10/2024,Guatemalan Gold,Arabica,Dark roast with a smoky undertone,instagram,51.6,35.89
15/1/2024,Guatemalan Gold,Robusta,Dark roast with a smoky undertone,whatsapp,27.65,127.14
18/5/2024,Brazilian Beauty,Liberica,Dark roast with a smoky undertone,whatsapp,116.06,150.51
23/10/2024,French Vanilla Fantasy,Robusta,Smooth and nutty with a caramel finish,web-site,120.86,165.87
31/1/2024,Espresso Elegance,Arabica,Bright and fruity with floral notes,in-store,53.46,98.77
23/11/2024,Morning Blend Magic,Liberica,Light and crisp with a citrus twist,instagram,81.16,166.09
18/2/2024,Dark Roast Delight,Liberica,Rich and bold with hints of chocolate,web-site,141.08,195.53
25/7/2024,Caramel Creme Dream,Liberica,Rich and bold with hints of chocolate,instagram,54.34,154.85
22/4/2024,Guatemalan Gold,Excelsa,Light and crisp with a citrus twist,web-site,46.43,65.6
15/7/2024,Mocha Madness,Catimor,Bright and fruity with floral notes,instagram,29.96,42.35
13/9/2024,Caramel Creme Dream,Excelsa,Dark roast with a smoky undertone,instagram,41.59,170.14
1/9/2024,French Vanilla Fantasy,Excelsa,Rich and bold with hints of chocolate,web-site,142.89,48.84
26/1/2024,Costa Rican Classic,Arabica,Rich and bold with hints of chocolate,web-site,27.99,158.27
29/1/2024,Morning Blend Magic,Robusta,Bright and fruity with floral notes,whatsapp,100.18,181.55
20/12/2024,Mocha Madness,Catimor,Rich and bold with hints of chocolate,instagram,39.28,73.7
27/10/2024,Espresso Elegance,Excelsa,Bright and fruity with floral notes,instagram,45.7,127.1
23/11/2024,Brazilian Beauty,Excelsa,Rich and bold with hints of chocolate,instagram,118.97,88.87
15/5/2024,Mocha Madness,Excelsa,Rich and bold with hints of chocolate,instagram,56.27,150.64
28/2/2024,Colombian Comfort,Catimor,Bright and fruity with floral notes,web-site,123.23,121.17
26/2/2024,French Vanilla Fantasy,Robusta,Light and crisp with a citrus twist,web-site,126.98,194.89
24/10/2024,Guatemalan Gold,Robusta,Smooth and nutty with a caramel finish,whatsapp,47.32,146.05
4/1/2024,Jamaican Java Joy,Catimor,Rich and bold with hints of chocolate,whatsapp,87.54,103.27
22/1/2024,Jamaican Java Joy,Arabica,Dark roast with a smoky undertone,whatsapp,24.33,185.49
1/9/2024,Caramel Creme Dream,Robusta,Smooth and nutty with a caramel finish,whatsapp,52.56,96.8
17/11/2024,Ethiopian Excellence,Catimor,Bright and fruity with floral notes,whatsapp,102.93,198.4
18/10/2024,Colombian Comfort,Catimor,Light and crisp with a citrus twist,instagram,101.47,132.57
23/12/2024,Hazelnut Heaven,Arabica,Dark roast with a smoky undertone,web-site,30.87,104.86
10/6/2024,Caramel Creme Dream,Liberica,Dark roast with a smoky undertone,web-site,40.1,84.05
22/12/2024,Dark Roast Delight,Arabica,Dark roast with a smoky undertone,web-site,113.79,34.0
17/3/2024,Caramel Creme Dream,Catimor,Smooth and nutty with a caramel finish,web-site,126.57,116.57
14/4/2024,Peruvian Perfection,Catimor,Rich and bold with hints of chocolate,web-site,143.23,63.73
25/12/2024,Caramel Creme Dream,Catimor,Smooth and nutty with a caramel finish,whatsapp,58.32,209.4
2/3/2024,French Vanilla Fantasy,Arabica,Light and crisp with a citrus twist,whatsapp,60.59,95.53
23/10/2024,Caramel Creme Dream,Arabica,Rich and bold with hints of chocolate,web-site,93.31,112.44
26/7/2024,Espresso Elegance,Excelsa,Smooth and nutty with a caramel finish,in-store,93.75,65.01
30/10/2024,Hazelnut Heaven,Catimor,Bright and fruity with floral notes,in-store,46.07,29.75
4/4/2024,Dark Roast Delight,Arabica,Light and crisp with a citrus twist,instagram,45.09,187.9
5/6/2024,Espresso Elegance,Arabica,Dark roast with a smoky undertone,whatsapp,94.72,71.92
9/9/2024,Hazelnut Heaven,Arabica,Smooth and nutty with a caramel finish,instagram,74.21,140.72
16/4/2024,Guatemalan Gold,Catimor,Rich and bold with hints of chocolate,in-store,108.78,165.86
13/6/2024,Morning Blend Magic,Excelsa,Bright and fruity with floral notes,in-store,121.99,165.14
11/4/2024,Peruvian Perfection,Catimor,Rich and bold with hints of chocolate,whatsapp,122.36,42.45
22/3/2024,French Vanilla Fantasy,Arabica,Smooth and nutty with a caramel finish,whatsapp,70.2,78.38
28/2/2024,Ethiopian Excellence,Arabica,Bright and fruity with floral notes,whatsapp,69.3,28.71
20/11/2024,Brazilian Beauty,Liberica,Dark roast with a smoky undertone,instagram,148.12,94.94
8/8/2024,Guatemalan Gold,Liberica,Smooth and nutty with a caramel finish,web-site,52.43,154.99
28/3/2024,Colombian Comfort,Catimor,Dark roast with a smoky undertone,whatsapp,91.49,204.49
14/1/2024,Costa Rican Classic,Arabica,Smooth and nutty with a caramel finish,web-site,97.07,127.95
25/12/2024,Costa Rican Classic,Excelsa,Dark roast with a smoky undertone,web-site,28.97,140.06
2/11/2024,Colombian Comfort,Excelsa,Rich and bold with hints of chocolate,in-store,35.83,100.67
6/3/2024,Jamaican Java Joy,Excelsa,Smooth and nutty with a caramel finish,web-site,125.67,201.61
5/7/2024,Dark Roast Delight,Excelsa,Smooth and nutty with a caramel finish,web-site,71.36,119.45
11/3/2024,Brazilian Beauty,Catimor,Rich and bold with hints of chocolate,web-site,37.49,165.06
23/6/2024,Peruvian Perfection,Liberica,Rich and bold with hints of chocolate,in-store,74.33,199.07
17/5/2024,Jamaican Java Joy,Excelsa,Smooth and nutty with a caramel finish,in-store,84.23,32.03
2/6/2024,Morning Blend Magic,Robusta,Light and crisp with a citrus twist,instagram,73.4,49.65
26/2/2024,Sumatra Sunrise,Liberica,Light and crisp with a citrus twist,web-site,84.27,117.66
15/10/2024,French Vanilla Fantasy,Robusta,Dark roast with a smoky undertone,in-store,38.19,152.55
25/11/2024,Hazelnut Heaven,Excelsa,Rich and bold with hints of chocolate,web-site,123.08,78.16
11/5/2024,Ethiopian Excellence,Liberica,Bright and fruity with floral notes,web-site,56.1,45.52
13/9/2024,Brazilian Beauty,Arabica,Dark roast with a smoky undertone,instagram,76.53,151.32
4/3/2024,Hazelnut Heaven,Excelsa,Bright and fruity with floral notes,instagram,88.29,113.28
24/10/2024,Espresso Elegance,Robusta,Light and crisp with a citrus twist,in-store,44.39,138.22
3/5/2024,Brazilian Beauty,Arabica,Rich and bold with hints of chocolate,whatsapp,69.39,62.81
9/9/2024,Guatemalan Gold,Robusta,Rich and bold with hints of chocolate,whatsapp,56.26,99.56
1/10/2024,Sumatra Sunrise,Catimor,Light and crisp with a citrus twist,instagram,86.17,152.17
21/6/2024,Dark Roast Delight,Robusta,Smooth and nutty with a caramel finish,whatsapp,29.02,55.42
15/12/2024,Brazilian Beauty,Catimor,Dark roast with a smoky undertone,web-site,149.02,149.11
15/12/2024,Espresso Elegance,Excelsa,Dark roast with a smoky undertone,in-store,140.97,158.17
29/3/2024,Jamaican Java Joy,Catimor,Smooth and nutty with a caramel finish,whatsapp,21.22,137.39
18/11/2024,French Vanilla Fantasy,Liberica,Bright and fruity with floral notes,web-site,141.89,85.41
2/4/2024,Mocha Madness,Arabica,Rich and bold with hints of chocolate,whatsapp,146.74,158.95
18/1/2024,Mocha Madness,Catimor,Smooth and nutty with a caramel finish,in-store,82.17,38.26
22/4/2024,Espresso Elegance,Excelsa,Dark roast with a smoky undertone,instagram,74.14,102.14
15/11/2024,French Vanilla Fantasy,Robusta,Bright and fruity with floral notes,web-site,43.67,123.58
31/5/2024,Ethiopian Excellence,Liberica,Bright and fruity with floral notes,whatsapp,78.31,36.59
6/10/2024,Hazelnut Heaven,Arabica,Dark roast with a smoky undertone,whatsapp,49.27,169.88
13/1/2024,Jamaican Java Joy,Catimor,Bright and fruity with floral notes,instagram,102.95,102.27
3/6/2024,Caramel Creme Dream,Liberica,Dark roast with a smoky undertone,whatsapp,122.78,35.67
26/5/2024,Hazelnut Heaven,Robusta,Rich and bold with hints of chocolate,whatsapp,52.42,185.93
9/3/2024,Sumatra Sunrise,Catimor,Light and crisp with a citrus twist,whatsapp,146.24,182.72
16/3/2024,Colombian Comfort,Arabica,Smooth and nutty with a caramel finish,instagram,62.71,137.49
13/4/2024,French Vanilla Fantasy,Arabica,Light and crisp with a citrus twist,web-site,72.84,51.55
9/5/2024,Costa Rican Classic,Robusta,Light and crisp with a citrus twist,instagram,57.88,164.82
19/11/2024,Dark Roast Delight,Liberica,Dark roast with a smoky undertone,web-site,38.91,86.66
5/10/2024,Mocha Madness,Liberica,Smooth and nutty with a caramel finish,whatsapp,134.83,167.72
9/12/2024,Espresso Elegance,Robusta,Light and crisp with a citrus twist,web-site,57.73,127.49
22/8/2024,Caramel Creme Dream,Liberica,Light and crisp with a citrus twist,web-site,45.75,85.35
16/1/2024,Peruvian Perfection,Robusta,Smooth and nutty with a caramel finish,in-store,39.61,120.85
27/10/2024,Mocha Madness,Catimor,Rich and bold with hints of chocolate,web-site,98.47,122.5
14/4/2024,Morning Blend Magic,Excelsa,Smooth and nutty with a caramel finish,instagram,81.58,106.68
5/12/2024,French Vanilla Fantasy,Liberica,Light and crisp with a citrus twist,instagram,58.81,32.44
23/5/2024,Costa Rican Classic,Excelsa,Light and crisp with a citrus twist,web-site,38.1,196.11
1/6/2024,Caramel Creme Dream,Excelsa,Rich and bold with hints of chocolate,in-store,94.37,48.23
23/3/2024,Costa Rican Classic,Robusta,Smooth and nutty with a caramel finish,in-store,24.45,191.8
1/10/2024,Dark Roast Delight,Robusta,Rich and bold with hints of chocolate,web-site,56.87,46.13
30/11/2024,Mocha Madness,Excelsa,Bright and fruity with floral notes,web-site,48.18,193.27
3/2/2024,Costa Rican Classic,Liberica,Smooth and nutty with a caramel finish,web-site,92.69,30.55
21/1/2024,Mocha Madness,Robusta,Bright and fruity with floral notes,web-site,125.7,75.7
18/10/2024,Peruvian Perfection,Liberica,Dark roast with a smoky undertone,in-store,59.24,113.01
11/3/2024,Espresso Elegance,Catimor,Light and crisp with a citrus twist,instagram,110.1,37.74
13/7/2024,Mocha Madness,Robusta,Dark roast with a smoky undertone,web-site,30.86,134.26
5/8/2024,Sumatra Sunrise,Excelsa,Light and crisp with a citrus twist,instagram,20.09,135.01
5/2/2024,Ethiopian Excellence,Robusta,Smooth and nutty with a caramel finish,web-site,119.94,50.05
8/5/2024,Morning Blend Magic,Excelsa,Bright and fruity with floral notes,whatsapp,36.9,94.87
24/6/2024,Espresso Elegance,Liberica,Smooth and nutty with a caramel finish,whatsapp,111.81,134.07
6/8/2024,Peruvian Perfection,Excelsa,Rich and bold with hints of chocolate,whatsapp,112.24,198.84
1/5/2024,Colombian Comfort,Catimor,Bright and fruity with floral notes,in-store,79.97,166.51
18/12/2024,Guatemalan Gold,Catimor,Smooth and nutty with a caramel finish,web-site,111.35,126.4
27/8/2024,Ethiopian Excellence,Excelsa,Smooth and nutty with a caramel finish,instagram,107.86,123.47
28/10/2024,Sumatra Sunrise,Liberica,Bright and fruity with floral notes,whatsapp,66.82,124.33
14/9/2024,Costa Rican Classic,Robusta,Light and crisp with a citrus twist,web-site,70.42,30.53
12/11/2024,French Vanilla Fantasy,Excelsa,Smooth and nutty with a caramel finish,whatsapp,102.73,169.19
10/4/2024,Hazelnut Heaven,Robusta,Dark roast with a smoky undertone,instagram,20.65,79.64
23/8/2024,Brazilian Beauty,Excelsa,Rich and bold with hints of chocolate,whatsapp,99.91,55.48
23/1/2024,Dark Roast Delight,Arabica,Bright and fruity with floral notes,web-site,58.67,192.7
22/3/2024,Hazelnut Heaven,Arabica,Dark roast with a smoky undertone,instagram,132.37,43.11
18/11/2024,Sumatra Sunrise,Catimor,Dark roast with a smoky undertone,whatsapp,96.26,166.81
7/6/2024,Jamaican Java Joy,Liberica,Bright and fruity with floral notes,instagram,46.7,135.66
24/2/2024,Guatemalan Gold,Liberica,Smooth and nutty with a caramel finish,instagram,71.61,118.69
6/2/2024,Costa Rican Classic,Liberica,Dark roast with a smoky undertone,web-site,100.2,71.69
17/3/2024,Mocha Madness,Robusta,Light and crisp with a citrus twist,instagram,134.56,167.86
1/5/2024,Sumatra Sunrise,Arabica,Bright and fruity with floral notes,instagram,115.88,92.91
10/5/2024,Costa Rican Classic,Arabica,Light and crisp with a citrus twist,in-store,49.51,136.36
23/6/2024,Costa Rican Classic,Catimor,Rich and bold with hints of chocolate,in-store,92.27,54.82
29/6/2024,Ethiopian Excellence,Robusta,Smooth and nutty with a caramel finish,whatsapp,29.62,72.39
18/1/2024,Dark Roast Delight,Excelsa,Light and crisp with a citrus twist,in-store,48.1,59.02
13/9/2024,Colombian Comfort,Liberica,Rich and bold with hints of chocolate,whatsapp,54.97,155.78
6/1/2024,Espresso Elegance,Robusta,Bright and fruity with floral notes,whatsapp,88.1,134.26
24/12/2024,Jamaican Java Joy,Catimor,Dark roast with a smoky undertone,in-store,54.68,29.18
21/8/2024,Caramel Creme Dream,Excelsa,Smooth and nutty with a caramel finish,in-store,111.0,34.17
15/7/2024,Guatemalan Gold,Arabica,Bright and fruity with floral notes,instagram,139.03,56.4
15/9/2024,Caramel Creme Dream,Liberica,Rich and bold with hints of chocolate,instagram,79.41,45.82
23/1/2024,Brazilian Beauty,Excelsa,Rich and bold with hints of chocolate,web-site,98.45,127.86
26/11/2024,Peruvian Perfection,Excelsa,Rich and bold with hints of chocolate,web-site,135.24,53.5
23/5/2024,Guatemalan Gold,Liberica,Dark roast with a smoky undertone,in-store,28.51,207.32
20/6/2024,Caramel Creme Dream,Robusta,Bright and fruity with floral notes,web-site,29.2,208.67
6/8/2024,Sumatra Sunrise,Liberica,Bright and fruity with floral notes,instagram,26.74,110.49
15/1/2024,Hazelnut Heaven,Catimor,Rich and bold with hints of chocolate,instagram,134.2,60.06
21/3/2024,Ethiopian Excellence,Liberica,Dark roast with a smoky undertone,web-site,86.01,185.63
15/3/2024,Caramel Creme Dream,Catimor,Rich and bold with hints of chocolate,whatsapp,132.77,140.54
15/3/2024,Sumatra Sunrise,Catimor,Dark roast with a smoky undertone,web-site,59.15,191.71
7/7/2024,Brazilian Beauty,Arabica,Light and crisp with a citrus twist,instagram,112.62,130.41
29/9/2024,Sumatra Sunrise,Excelsa,Smooth and nutty with a caramel finish,instagram,80.43,170.92
30/12/2024,Costa Rican Classic,Liberica,Smooth and nutty with a caramel finish,whatsapp,100.0,40.76
16/2/2024,Jamaican Java Joy,Catimor,Light and crisp with a citrus twist,web-site,149.45,108.76
17/4/2024,Colombian Comfort,Catimor,Bright and fruity with floral notes,web-site,97.22,200.98
27/6/2024,Costa Rican Classic,Excelsa,Smooth and nutty with a caramel finish,instagram,109.88,165.89
22/9/2024,Brazilian Beauty,Excelsa,Dark roast with a smoky undertone,web-site,112.72,212.02
4/4/2024,Guatemalan Gold,Arabica,Smooth and nutty with a caramel finish,web-site,21.36,144.45
19/12/2024,Jamaican Java Joy,Excelsa,Rich and bold with hints of chocolate,web-site,87.58,69.95
16/12/2024,Jamaican Java Joy,Catimor,Smooth and nutty with a caramel finish,instagram,120.61,59.26
18/4/2024,Mocha Madness,Catimor,Dark roast with a smoky undertone,whatsapp,132.74,81.96
15/12/2024,Mocha Madness,Robusta,Bright and fruity with floral notes,instagram,61.93,90.01
23/5/2024,Brazilian Beauty,Robusta,Smooth and nutty with a caramel finish,in-store,47.55,158.05
3/5/2024,Hazelnut Heaven,Robusta,Dark roast with a smoky undertone,in-store,54.88,210.2
6/8/2024,Ethiopian Excellence,Catimor,Light and crisp with a citrus twist,web-site,38.71,115.67
28/8/2024,Morning Blend Magic,Robusta,Bright and fruity with floral notes,web-site,79.21,203.09
11/11/2024,Dark Roast Delight,Liberica,Rich and bold with hints of chocolate,instagram,96.07,47.63
20/2/2024,Caramel Creme Dream,Liberica,Dark roast with a smoky undertone,instagram,143.95,192.47
1/7/2024,Sumatra Sunrise,Arabica,Light and crisp with a citrus twist,instagram,125.68,73.44
27/4/2024,Brazilian Beauty,Robusta,Rich and bold with hints of chocolate,instagram,104.85,201.6
30/6/2024,Colombian Comfort,Catimor,Bright and fruity with floral notes,whatsapp,146.53,92.37
26/7/2024,Sumatra Sunrise,Liberica,Dark roast with a smoky undertone,instagram,97.54,212.1
9/12/2024,Peruvian Perfection,Catimor,Smooth and nutty with a caramel finish,instagram,66.75,172.22
15/8/2024,Ethiopian Excellence,Excelsa,Dark roast with a smoky undertone,in-store,146.55,47.9
15/11/2024,Ethiopian Excellence,Arabica,Light and crisp with a citrus twist,in-store,31.96,138.88
13/6/2024,Espresso Elegance,Catimor,Smooth and nutty with a caramel finish,whatsapp,90.61,49.7
4/3/2024,Peruvian Perfection,Arabica,Bright and fruity with floral notes,whatsapp,104.05,151.39
21/10/2024,Guatemalan Gold,Catimor,Smooth and nutty with a caramel finish,web-site,61.56,197.31
23/10/2024,Colombian Comfort,Liberica,Bright and fruity with floral notes,whatsapp,56.33,32.56
12/7/2024,Sumatra Sunrise,Catimor,Light and crisp with a citrus twist,whatsapp,121.72,200.33
1/9/2024,Mocha Madness,Arabica,Bright and fruity with floral notes,web-site,38.93,188.21
11/9/2024,Colombian Comfort,Robusta,Light and crisp with a citrus twist,instagram,129.55,111.54
25/5/2024,Espresso Elegance,Liberica,Smooth and nutty with a caramel finish,in-store,28.93,86.62
31/1/2024,Guatemalan Gold,Catimor,Smooth and nutty with a caramel finish,web-site,50.1,194.59
19/6/2024,Dark Roast Delight,Liberica,Rich and bold with hints of chocolate,in-store,138.95,68.54
7/12/2024,Mocha Madness,Liberica,Bright and fruity with floral notes,instagram,111.83,140.73
18/9/2024,Costa Rican Classic,Catimor,Smooth and nutty with a caramel finish,in-store,125.45,53.41
7/6/2024,French Vanilla Fantasy,Arabica,Dark roast with a smoky undertone,in-store,57.47,74.14
2/2/2024,Dark Roast Delight,Robusta,Rich and bold with hints of chocolate,instagram,101.28,107.66
28/11/2024,Guatemalan Gold,Robusta,Dark roast with a smoky undertone,instagram,64.77,188.59
1/8/2024,Colombian Comfort,Catimor,Light and crisp with a citrus twist,instagram,40.63,154.03
11/2/2024,Jamaican Java Joy,Liberica,Smooth and nutty with a caramel finish,instagram,85.68,148.43
2/6/2024,Ethiopian Excellence,Arabica,Smooth and nutty with a caramel finish,in-store,32.09,43.8
18/1/2024,Dark Roast Delight,Robusta,Light and crisp with a citrus twist,whatsapp,63.1,80.39
1/4/2024,Espresso Elegance,Robusta,Smooth and nutty with a caramel finish,whatsapp,149.48,184.13
21/9/2024,Mocha Madness,Liberica,Dark roast with a smoky undertone,web-site,49.28,93.41
10/9/2024,Brazilian Beauty,Catimor,Smooth and nutty with a caramel finish,instagram,31.04,207.95
10/3/2024,Dark Roast Delight,Liberica,Rich and bold with hints of chocolate,in-store,94.7,167.7
9/12/2024,Dark Roast Delight,Robusta,Rich and bold with hints of chocolate,in-store,32.28,84.93
27/3/2024,Peruvian Perfection,Excelsa,Dark roast with a smoky undertone,whatsapp,134.61,71.64
27/2/2024,Costa Rican Classic,Arabica,Dark roast with a smoky undertone,web-site,69.85,205.56
11/9/2024,Peruvian Perfection,Arabica,Dark roast with a smoky undertone,whatsapp,23.34,49.42
13/11/2024,Costa Rican Classic,Arabica,Light and crisp with a citrus twist,instagram,56.59,91.35
9/9/2024,Costa Rican Classic,Robusta,Light and crisp with a citrus twist,web-site,52.49,85.95
22/8/2024,Jamaican Java Joy,Arabica,Dark roast with a smoky undertone,whatsapp,104.83,93.95
1/4/2024,Peruvian Perfection,Catimor,Rich and bold with hints of chocolate,whatsapp,40.58,78.68
15/4/2024,Costa Rican Classic,Arabica,Dark roast with a smoky undertone,whatsapp,55.27,130.65
17/8/2024,Guatemalan Gold,Liberica,Bright and fruity with floral notes,whatsapp,37.99,146.87
5/6/2024,Sumatra Sunrise,Excelsa,Light and crisp with a citrus twist,whatsapp,77.21,43.32
22/9/2024,Guatemalan Gold,Excelsa,Light and crisp with a citrus twist,instagram,118.79,38.18
22/11/2024,Brazilian Beauty,Catimor,Smooth and nutty with a caramel finish,whatsapp,25.8,117.38
19/12/2024,Costa Rican Classic,Liberica,Dark roast with a smoky undertone,whatsapp,73.46,31.79
11/2/2024,Jamaican Java Joy,Excelsa,Bright and fruity with floral notes,in-store,140.45,116.66
23/3/2024,Guatemalan Gold,Catimor,Bright and fruity with floral notes,in-store,80.6,70.24
19/9/2024,Morning Blend Magic,Arabica,Light and crisp with a citrus twist,web-site,97.81,81.7
6/4/2024,Brazilian Beauty,Liberica,Smooth and nutty with a caramel finish,whatsapp,123.14,111.06
4/9/2024,Morning Blend Magic,Catimor,Light and crisp with a citrus twist,whatsapp,146.93,170.68
26/5/2024,Hazelnut Heaven,Catimor,Bright and fruity with floral notes,instagram,82.11,196.72
5/1/2024,Hazelnut Heaven,Excelsa,Dark roast with a smoky undertone,in-store,22.68,87.38
9/4/2024,Colombian Comfort,Catimor,Rich and bold with hints of chocolate,instagram,45.87,178.1
20/4/2024,French Vanilla Fantasy,Robusta,Dark roast with a smoky undertone,in-store,73.35,59.97
20/10/2024,Jamaican Java Joy,Liberica,Dark roast with a smoky undertone,web-site,50.25,92.44
15/2/2024,Caramel Creme Dream,Liberica,Smooth and nutty with a caramel finish,instagram,28.1,173.31
15/7/2024,Jamaican Java Joy,Catimor,Rich and bold with hints of chocolate,whatsapp,33.58,49.52
4/1/2024,Colombian Comfort,Excelsa,Rich and bold with hints of chocolate,instagram,114.41,203.46
10/1/2024,Hazelnut Heaven,Arabica,Rich and bold with hints of chocolate,instagram,94.85,101.19
29/8/2024,Morning Blend Magic,Excelsa,Dark roast with a smoky undertone,web-site,36.83,150.93
9/4/2024,Sumatra Sunrise,Catimor,Bright and fruity with floral notes,in-store,74.83,165.6
23/4/2024,Brazilian Beauty,Excelsa,Bright and fruity with floral notes,in-store,34.68,31.04
22/8/2024,Ethiopian Excellence,Liberica,Smooth and nutty with a caramel finish,in-store,115.82,171.4
31/3/2024,Colombian Comfort,Arabica,Light and crisp with a citrus twist,whatsapp,20.29,207.94
6/4/2024,Hazelnut Heaven,Catimor,Smooth and nutty with a caramel finish,instagram,55.89,154.21
12/2/2024,Caramel Creme Dream,Arabica,Rich and bold with hints of chocolate,in-store,84.26,148.8
20/10/2024,Jamaican Java Joy,Excelsa,Bright and fruity with floral notes,in-store,34.73,58.85
25/12/2024,Brazilian Beauty,Excelsa,Rich and bold with hints of chocolate,instagram,105.02,164.19
4/6/2024,Jamaican Java Joy,Robusta,Light and crisp with a citrus twist,instagram,35.36,136.33
21/10/2024,Guatemalan Gold,Robusta,Smooth and nutty with a caramel finish,whatsapp,36.8,92.35
9/10/2024,Ethiopian Excellence,Arabica,Bright and fruity with floral notes,instagram,95.7,201.17
13/11/2024,French Vanilla Fantasy,Catimor,Bright and fruity with floral notes,web-site,29.6,177.09
5/7/2024,Costa Rican Classic,Liberica,Light and crisp with a citrus twist,instagram,44.37,172.88
19/3/2024,Costa Rican Classic,Robusta,Smooth and nutty with a caramel finish,instagram,137.61,107.72
2/4/2024,Guatemalan Gold,Robusta,Bright and fruity with floral notes,instagram,103.12,194.17
7/11/2024,Colombian Comfort,Arabica,Rich and bold with hints of chocolate,whatsapp,128.53,138.09
9/9/2024,Morning Blend Magic,Robusta,Dark roast with a smoky undertone,web-site,123.15,35.11
10/2/2024,Mocha Madness,Catimor,Light and crisp with a citrus twist,whatsapp,74.02,69.77
27/2/2024,Mocha Madness,Arabica,Dark roast with a smoky undertone,web-site,34.2,38.91
9/11/2024,Guatemalan Gold,Catimor,Light and crisp with a citrus twist,instagram,130.58,120.78
5/5/2024,Ethiopian Excellence,Liberica,Dark roast with a smoky undertone,instagram,95.06,209.56
29/5/2024,Peruvian Perfection,Excelsa,Bright and fruity with floral notes,in-store,60.96,75.23
22/8/2024,Jamaican Java Joy,Robusta,Light and crisp with a citrus twist,whatsapp,64.77,128.5
3/4/2024,French Vanilla Fantasy,Robusta,Bright and fruity with floral notes,whatsapp,132.12,72.02
5/3/2024,Costa Rican Classic,Robusta,Smooth and nutty with a caramel finish,instagram,75.27,67.81
19/12/2024,Morning Blend Magic,Liberica,Light and crisp with a citrus twist,in-store,75.41,72.34
29/3/2024,Ethiopian Excellence,Excelsa,Dark roast with a smoky undertone,in-store,100.17,104.28
26/5/2024,Hazelnut Heaven,Liberica,Rich and bold with hints of chocolate,whatsapp,118.66,206.38
7/10/2024,Mocha Madness,Excelsa,Dark roast with a smoky undertone,in-store,63.14,69.19
4/9/2024,Costa Rican Classic,Liberica,Smooth and nutty with a caramel finish,instagram,38.04,166.3
26/12/2024,French Vanilla Fantasy,Robusta,Bright and fruity with floral notes,whatsapp,57.82,194.73
17/3/2024,Mocha Madness,Excelsa,Bright and fruity with floral notes,instagram,146.73,42.99
1/5/2024,Costa Rican Classic,Arabica,Dark roast with a smoky undertone,web-site,115.16,52.27
3/5/2024,Espresso Elegance,Arabica,Rich and bold with hints of chocolate,instagram,30.35,122.26
21/3/2024,Peruvian Perfection,Catimor,Rich and bold with hints of chocolate,whatsapp,79.14,212.56
1/8/2024,Jamaican Java Joy,Arabica,Smooth and nutty with a caramel finish,whatsapp,66.34,172.96
6/3/2024,Mocha Madness,Liberica,Bright and fruity with floral notes,in-store,137.09,35.92
28/7/2024,Caramel Creme Dream,Arabica,Light and crisp with a citrus twist,in-store,97.96,159.1
13/7/2024,Espresso Elegance,Robusta,Smooth and nutty with a caramel finish,instagram,47.84,189.28
14/9/2024,Dark Roast Delight,Arabica,Rich and bold with hints of chocolate,in-store,73.37,45.76
23/9/2024,Colombian Comfort,Liberica,Light and crisp with a citrus twist,web-site,90.41,113.22
1/11/2024,Mocha Madness,Robusta,Smooth and nutty with a caramel finish,whatsapp,93.58,115.79
4/5/2024,Mocha Madness,Excelsa,Dark roast with a smoky undertone,whatsapp,67.97,145.53
26/8/2024,Brazilian Beauty,Excelsa,Rich and bold with hints of chocolate,web-site,69.78,178.5
4/9/2024,Costa Rican Classic,Excelsa,Light and crisp with a citrus twist,web-site,95.17,143.72
1/11/2024,Ethiopian Excellence,Excelsa,Rich and bold with hints of chocolate,instagram,27.09,29.66
30/3/2024,Ethiopian Excellence,Arabica,Bright and fruity with floral notes,in-store,45.18,184.58
18/3/2024,Ethiopian Excellence,Liberica,Dark roast with a smoky undertone,in-store,87.85,75.77
30/12/2024,French Vanilla Fantasy,Robusta,Bright and fruity with floral notes,web-site,134.2,28.22
3/4/2024,Mocha Madness,Robusta,Smooth and nutty with a caramel finish,whatsapp,113.35,83.38
19/2/2024,Colombian Comfort,Liberica,Light and crisp with a citrus twist,web-site,47.41,206.35
11/4/2024,Guatemalan Gold,Robusta,Smooth and nutty with a caramel finish,in-store,116.24,150.8
26/12/2024,Espresso Elegance,Robusta,Dark roast with a smoky undertone,instagram,30.16,164.35
6/8/2024,Hazelnut Heaven,Arabica,Smooth and nutty with a caramel finish,web-site,72.91,130.97
25/9/2024,Ethiopian Excellence,Liberica,Dark roast with a smoky undertone,instagram,120.05,68.16
13/1/2024,Dark Roast Delight,Liberica,Bright and fruity with floral notes,instagram,72.48,100.14
5/12/2024,Costa Rican Classic,Excelsa,Bright and fruity with floral notes,in-store,69.48,101.72
26/11/2024,Dark Roast Delight,Arabica,Dark roast with a smoky undertone,whatsapp,29.67,151.06
31/8/2024,Jamaican Java Joy,Catimor,Bright and fruity with floral notes,whatsapp,82.79,136.62
18/6/2024,Mocha Madness,Arabica,Light and crisp with a citrus twist,instagram,143.72,60.25
23/1/2024,Costa Rican Classic,Robusta,Dark roast with a smoky undertone,whatsapp,32.48,128.25
23/4/2024,Costa Rican Classic,Robusta,Light and crisp with a citrus twist,instagram,140.06,200.72
26/6/2024,Morning Blend Magic,Arabica,Light and crisp with a citrus twist,whatsapp,32.96,148.76
18/11/2024,Hazelnut Heaven,Catimor,Bright and fruity with floral notes,in-store,40.81,199.62
14/6/2024,Dark Roast Delight,Catimor,Smooth and nutty with a caramel finish,instagram,107.16,78.07
8/3/2024,Peruvian Perfection,Excelsa,Smooth and nutty with a caramel finish,web-site,95.6,90.36
13/3/2024,French Vanilla Fantasy,Excelsa,Bright and fruity with floral notes,whatsapp,51.33,114.83
18/6/2024,Mocha Madness,Robusta,Bright and fruity with floral notes,instagram,136.91,162.59
20/11/2024,Jamaican Java Joy,Excelsa,Rich and bold with hints of chocolate,instagram,62.94,98.5
12/6/2024,Morning Blend Magic,Excelsa,Rich and bold with hints of chocolate,instagram,119.85,174.65
7/2/2024,Jamaican Java Joy,Liberica,Bright and fruity with floral notes,instagram,37.94,58.24
3/9/2024,Guatemalan Gold,Arabica,Light and crisp with a citrus twist,web-site,92.75,76.83
9/9/2024,Costa Rican Classic,Excelsa,Light and crisp with a citrus twist,web-site,124.01,170.02
17/11/2024,Jamaican Java Joy,Arabica,Light and crisp with a citrus twist,instagram,76.17,151.68
24/8/2024,French Vanilla Fantasy,Liberica,Bright and fruity with floral notes,in-store,94.21,169.74
28/6/2024,Peruvian Perfection,Excelsa,Rich and bold with hints of chocolate,instagram,113.11,207.74
20/12/2024,Brazilian Beauty,Liberica,Light and crisp with a citrus twist,whatsapp,48.83,116.6
27/3/2024,Hazelnut Heaven,Catimor,Light and crisp with a citrus twist,whatsapp,123.81,128.13
29/6/2024,French Vanilla Fantasy,Excelsa,Light and crisp with a citrus twist,in-store,109.47,206.53
1/1/2024,Jamaican Java Joy,Excelsa,Rich and bold with hints of chocolate,instagram,43.01,87.15
21/2/2024,Jamaican Java Joy,Robusta,Bright and fruity with floral notes,web-site,119.68,161.5
11/3/2024,French Vanilla Fantasy,Liberica,Light and crisp with a citrus twist,in-store,127.5,111.54
5/2/2024,Caramel Creme Dream,Excelsa,Bright and fruity with floral notes,whatsapp,69.16,110.06
22/7/2024,Caramel Creme Dream,Arabica,Rich and bold with hints of chocolate,web-site,101.34,78.48
16/8/2024,Colombian Comfort,Arabica,Smooth and nutty with a caramel finish,instagram,28.73,103.78
28/5/2024,Colombian Comfort,Liberica,Dark roast with a smoky undertone,in-store,56.59,205.92
11/8/2024,Costa Rican Classic,Robusta,Smooth and nutty with a caramel finish,in-store,59.27,87.07
18/6/2024,Guatemalan Gold,Excelsa,Rich and bold with hints of chocolate,instagram,64.91,68.08
4/2/2024,Brazilian Beauty,Liberica,Light and crisp with a citrus twist,whatsapp,106.32,100.75
11/2/2024,Guatemalan Gold,Robusta,Smooth and nutty with a caramel finish,whatsapp,54.12,151.9
18/6/2024,Jamaican Java Joy,Excelsa,Dark roast with a smoky undertone,instagram,103.47,119.43
28/5/2024,Morning Blend Magic,Excelsa,Bright and fruity with floral notes,instagram,36.56,80.48
10/11/2024,Guatemalan Gold,Catimor,Light and crisp with a citrus twist,in-store,75.35,107.58
18/3/2024,Caramel Creme Dream,Catimor,Smooth and nutty with a caramel finish,instagram,121.25,36.92
28/8/2024,Brazilian Beauty,Catimor,Light and crisp with a citrus twist,web-site,133.38,157.74
5/12/2024,Caramel Creme Dream,Robusta,Bright and fruity with floral notes,in-store,136.1,138.01
14/9/2024,Hazelnut Heaven,Robusta,Bright and fruity with floral notes,instagram,87.83,149.99
19/12/2024,Costa Rican Classic,Liberica,Dark roast with a smoky undertone,web-site,87.62,128.05
12/11/2024,Sumatra Sunrise,Robusta,Smooth and nutty with a caramel finish,instagram,102.64,63.62
27/10/2024,Brazilian Beauty,Catimor,Light and crisp with a citrus twist,in-store,126.28,57.58
15/10/2024,Caramel Creme Dream,Arabica,Light and crisp with a citrus twist,web-site,116.27,166.05
27/6/2024,Sumatra Sunrise,Excelsa,Rich and bold with hints of chocolate,whatsapp,145.7,101.63
8/10/2024,Caramel Creme Dream,Arabica,Rich and bold with hints of chocolate,instagram,36.02,212.28
24/2/2024,Brazilian Beauty,Catimor,Smooth and nutty with a caramel finish,whatsapp,115.85,45.53
14/8/2024,Guatemalan Gold,Liberica,Light and crisp with a citrus twist,web-site,31.66,69.33
19/10/2024,French Vanilla Fantasy,Catimor,Dark roast with a smoky undertone,in-store,62.48,140.22
29/4/2024,Jamaican Java Joy,Catimor,Light and crisp with a citrus twist,in-store,50.78,209.75
17/3/2024,Ethiopian Excellence,Liberica,Bright and fruity with floral notes,in-store,108.1,149.07
12/7/2024,Sumatra Sunrise,Excelsa,Rich and bold with hints of chocolate,whatsapp,91.59,180.78
25/4/2024,Morning Blend Magic,Catimor,Dark roast with a smoky undertone,whatsapp,76.43,89.59
9/2/2024,Brazilian Beauty,Arabica,Light and crisp with a citrus twist,instagram,107.6,35.23
24/11/2024,Mocha Madness,Catimor,Rich and bold with hints of chocolate,in-store,114.08,158.45
30/7/2024,Ethiopian Excellence,Catimor,Smooth and nutty with a caramel finish,web-site,48.54,134.11
14/11/2024,French Vanilla Fantasy,Catimor,Smooth and nutty with a caramel finish,in-store,103.39,65.42
18/1/2024,Costa Rican Classic,Arabica,Dark roast with a smoky undertone,web-site,45.62,81.93
5/8/2024,French Vanilla Fantasy,Robusta,Bright and fruity with floral notes,in-store,51.64,52.8
9/6/2024,Hazelnut Heaven,Arabica,Light and crisp with a citrus twist,web-site,90.17,39.3
11/4/2024,Espresso Elegance,Robusta,Dark roast with a smoky undertone,instagram,30.8,109.49
15/11/2024,Espresso Elegance,Catimor,Bright and fruity with floral notes,instagram,61.15,202.63
5/3/2024,Morning Blend Magic,Excelsa,Dark roast with a smoky undertone,in-store,140.32,202.08
8/3/2024,French Vanilla Fantasy,Liberica,Smooth and nutty with a caramel finish,web-site,143.43,165.28
27/12/2024,Sumatra Sunrise,Liberica,Smooth and nutty with a caramel finish,in-store,113.82,193.78
10/7/2024,Jamaican Java Joy,Catimor,Light and crisp with a citrus twist,in-store,53.86,52.41
23/3/2024,Morning Blend Magic,Catimor,Dark roast with a smoky undertone,web-site,52.51,148.82
15/12/2024,Peruvian Perfection,Robusta,Rich and bold with hints of chocolate,web-site,39.54,147.71
24/8/2024,Hazelnut Heaven,Robusta,Smooth and nutty with a caramel finish,web-site,111.84,78.49
6/8/2024,Ethiopian Excellence,Robusta,Smooth and nutty with a caramel finish,instagram,97.43,135.73
16/8/2024,Dark Roast Delight,Robusta,Dark roast with a smoky undertone,in-store,134.05,47.15
30/5/2024,Caramel Creme Dream,Arabica,Dark roast with a smoky undertone,instagram,49.1,65.01
19/3/2024,Costa Rican Classic,Robusta,Rich and bold with hints of chocolate,web-site,44.57,49.8
3/2/2024,Dark Roast Delight,Excelsa,Rich and bold with hints of chocolate,whatsapp,142.43,141.33
15/1/2024,Peruvian Perfection,Robusta,Light and crisp with a citrus twist,whatsapp,43.46,29.58
31/3/2024,Colombian Comfort,Robusta,Light and crisp with a citrus twist,web-site,88.32,189.24
8/11/2024,Peruvian Perfection,Robusta,Smooth and nutty with a caramel finish,whatsapp,141.05,131.05
4/2/2024,Morning Blend Magic,Excelsa,Smooth and nutty with a caramel finish,instagram,76.95,97.77
23/9/2024,Brazilian Beauty,Arabica,Bright and fruity with floral notes,instagram,140.38,159.82
29/12/2024,Hazelnut Heaven,Robusta,Light and crisp with a citrus twist,in-store,89.52,187.78
30/4/2024,Brazilian Beauty,Liberica,Dark roast with a smoky undertone,in-store,81.31,135.51
3/10/2024,Caramel Creme Dream,Robusta,Smooth and nutty with a caramel finish,in-store,145.48,173.24
12/2/2024,Guatemalan Gold,Robusta,Rich and bold with hints of chocolate,web-site,96.02,177.56
29/2/2024,Hazelnut Heaven,Excelsa,Dark roast with a smoky undertone,whatsapp,36.1,194.26
24/9/2024,Brazilian Beauty,Liberica,Smooth and nutty with a caramel finish,whatsapp,49.49,177.36
18/3/2024,Espresso Elegance,Excelsa,Smooth and nutty with a caramel finish,in-store,102.34,192.47
22/3/2024,Colombian Comfort,Excelsa,Light and crisp with a citrus twist,whatsapp,98.7,197.38
5/3/2024,Morning Blend Magic,Excelsa,Smooth and nutty with a caramel finish,whatsapp,53.83,36.08
5/1/2024,Brazilian Beauty,Catimor,Rich and bold with hints of chocolate,in-store,119.35,77.85
12/2/2024,Caramel Creme Dream,Robusta,Light and crisp with a citrus twist,whatsapp,138.0,198.22
23/5/2024,Jamaican Java Joy,Liberica,Light and crisp with a citrus twist,in-store,27.8,111.95
11/5/2024,Jamaican Java Joy,Excelsa,Smooth and nutty with a caramel finish,in-store,28.87,64.38
19/8/2024,Guatemalan Gold,Arabica,Smooth and nutty with a caramel finish,web-site,143.65,193.18
8/10/2024,Dark Roast Delight,Arabica,Rich and bold with hints of chocolate,whatsapp,73.05,144.87
12/11/2024,Jamaican Java Joy,Robusta,Rich and bold with hints of chocolate,instagram,41.73,166.93
1/1/2024,Morning Blend Magic,Robusta,Rich and bold with hints of chocolate,instagram,60.46,183.79
10/4/2024,Sumatra Sunrise,Robusta,Dark roast with a smoky undertone,whatsapp,121.88,94.49
3/11/2024,Colombian Comfort,Catimor,Rich and bold with hints of chocolate,web-site,80.24,28.93
20/7/2024,Morning Blend Magic,Arabica,Rich and bold with hints of chocolate,web-site,70.93,190.38
24/10/2024,French Vanilla Fantasy,Arabica,Bright and fruity with floral notes,instagram,37.7,35.5
29/1/2024,Costa Rican Classic,Robusta,Smooth and nutty with a caramel finish,whatsapp,136.2,103.37
1/8/2024,Mocha Madness,Excelsa,Smooth and nutty with a caramel finish,in-store,113.34,80.44
22/6/2024,Guatemalan Gold,Robusta,Smooth and nutty with a caramel finish,web-site,36.07,154.63
28/10/2024,Brazilian Beauty,Arabica,Bright and fruity with floral notes,web-site,79.65,178.12
28/8/2024,Mocha Madness,Catimor,Rich and bold with hints of chocolate,web-site,130.37,82.32
10/7/2024,Ethiopian Excellence,Catimor,Rich and bold with hints of chocolate,whatsapp,40.12,29.64
7/11/2024,Sumatra Sunrise,Liberica,Smooth and nutty with a caramel finish,instagram,73.65,160.37
5/8/2024,Colombian Comfort,Robusta,Dark roast with a smoky undertone,in-store,144.87,183.3
31/8/2024,Hazelnut Heaven,Arabica,Light and crisp with a citrus twist,whatsapp,91.65,135.08
25/12/2024,Mocha Madness,Liberica,Dark roast with a smoky undertone,web-site,58.9,29.72
19/10/2024,Peruvian Perfection,Arabica,Smooth and nutty with a caramel finish,instagram,72.43,44.55
19/4/2024,Sumatra Sunrise,Robusta,Smooth and nutty with a caramel finish,whatsapp,78.09,128.03
24/10/2024,Caramel Creme Dream,Catimor,Rich and bold with hints of chocolate,whatsapp,107.53,38.74
4/1/2024,Jamaican Java Joy,Liberica,Dark roast with a smoky undertone,instagram,57.82,35.75
14/6/2024,Colombian Comfort,Arabica,Rich and bold with hints of chocolate,whatsapp,49.23,102.87
16/8/2024,Brazilian Beauty,Robusta,Dark roast with a smoky undertone,whatsapp,53.57,66.41
15/11/2024,Brazilian Beauty,Liberica,Dark roast with a smoky undertone,whatsapp,80.99,144.86
18/7/2024,Hazelnut Heaven,Arabica,Dark roast with a smoky undertone,instagram,48.21,120.02
1/2/2024,Hazelnut Heaven,Liberica,Rich and bold with hints of chocolate,whatsapp,45.82,74.88
10/3/2024,Costa Rican Classic,Arabica,Light and crisp with a citrus twist,web-site,149.32,91.56
4/10/2024,Mocha Madness,Liberica,Bright and fruity with floral notes,in-store,113.54,124.49
1/9/2024,French Vanilla Fantasy,Excelsa,Dark roast with a smoky undertone,instagram,103.13,175.48
17/5/2024,Brazilian Beauty,Liberica,Bright and fruity with floral notes,web-site,94.69,191.98
6/8/2024,Costa Rican Classic,Robusta,Rich and bold with hints of chocolate,in-store,118.86,107.37
28/10/2024,Costa Rican Classic,Excelsa,Bright and fruity with floral notes,web-site,64.85,49.84
15/4/2024,Hazelnut Heaven,Catimor,Dark roast with a smoky undertone,in-store,140.27,99.0
24/8/2024,Morning Blend Magic,Arabica,Smooth and nutty with a caramel finish,in-store,143.63,61.27
20/2/2024,Caramel Creme Dream,Liberica,Bright and fruity with floral notes,in-store,20.41,210.74
27/3/2024,Sumatra Sunrise,Arabica,Smooth and nutty with a caramel finish,in-store,81.2,195.54
4/6/2024,Jamaican Java Joy,Liberica,Smooth and nutty with a caramel finish,in-store,142.17,172.64
13/6/2024,Costa Rican Classic,Catimor,Light and crisp with a citrus twist,instagram,139.1,193.13
9/10/2024,Hazelnut Heaven,Arabica,Light and crisp with a citrus twist,web-site,23.19,95.7
21/1/2024,Hazelnut Heaven,Excelsa,Light and crisp with a citrus twist,instagram,125.23,99.22
17/4/2024,Espresso Elegance,Excelsa,Rich and bold with hints of chocolate,in-store,114.54,49.37
6/6/2024,Sumatra Sunrise,Catimor,Bright and fruity with floral notes,instagram,54.81,151.7
13/10/2024,Peruvian Perfection,Robusta,Dark roast with a smoky undertone,in-store,22.17,65.52
16/7/2024,Ethiopian Excellence,Catimor,Dark roast with a smoky undertone,web-site,116.58,74.08
8/4/2024,Morning Blend Magic,Excelsa,Dark roast with a smoky undertone,in-store,76.39,120.68
16/2/2024,Colombian Comfort,Robusta,Smooth and nutty with a caramel finish,instagram,21.49,107.95
8/8/2024,Hazelnut Heaven,Excelsa,Light and crisp with a citrus twist,instagram,82.93,158.03
14/4/2024,French Vanilla Fantasy,Arabica,Smooth and nutty with a caramel finish,instagram,52.05,37.17
19/4/2024,Sumatra Sunrise,Catimor,Smooth and nutty with a caramel finish,web-site,93.79,205.14
20/4/2024,French Vanilla Fantasy,Liberica,Dark roast with a smoky undertone,in-store,141.48,65.43
4/9/2024,Jamaican Java Joy,Catimor,Rich and bold with hints of chocolate,in-store,110.97,121.84
18/9/2024,Guatemalan Gold,Liberica,Smooth and nutty with a caramel finish,instagram,104.16,87.05
4/7/2024,Caramel Creme Dream,Liberica,Light and crisp with a citrus twist,whatsapp,97.34,205.15
29/7/2024,Dark Roast Delight,Excelsa,Bright and fruity with floral notes,instagram,85.89,200.5
4/6/2024,Morning Blend Magic,Robusta,Dark roast with a smoky undertone,instagram,87.38,30.04
14/9/2024,Peruvian Perfection,Excelsa,Dark roast with a smoky undertone,in-store,122.69,196.79
10/3/2024,Sumatra Sunrise,Liberica,Dark roast with a smoky undertone,instagram,143.36,205.22
10/2/2024,Morning Blend Magic,Catimor,Dark roast with a smoky undertone,instagram,143.05,64.91
16/9/2024,Peruvian Perfection,Catimor,Bright and fruity with floral notes,web-site,123.12,87.02
23/1/2024,Espresso Elegance,Catimor,Bright and fruity with floral notes,whatsapp,147.48,118.23
19/10/2024,Costa Rican Classic,Arabica,Light and crisp with a citrus twist,web-site,64.74,126.68
3/10/2024,Caramel Creme Dream,Excelsa,Bright and fruity with floral notes,web-site,147.15,183.3
20/10/2024,Morning Blend Magic,Catimor,Light and crisp with a citrus twist,instagram,78.54,97.19
7/5/2024,French Vanilla Fantasy,Excelsa,Rich and bold with hints of chocolate,in-store,109.96,98.22
19/2/2024,Jamaican Java Joy,Liberica,Dark roast with a smoky undertone,web-site,43.88,94.67
23/4/2024,Peruvian Perfection,Arabica,Light and crisp with a citrus twist,instagram,45.19,178.24
1/12/2024,Colombian Comfort,Liberica,Rich and bold with hints of chocolate,instagram,105.74,130.65
8/11/2024,Costa Rican Classic,Liberica,Rich and bold with hints of chocolate,web-site,77.35,204.38
2/4/2024,Dark Roast Delight,Liberica,Bright and fruity with floral notes,whatsapp,118.78,151.37
29/1/2024,Jamaican Java Joy,Arabica,Bright and fruity with floral notes,in-store,96.87,119.66
16/12/2024,Brazilian Beauty,Arabica,Rich and bold with hints of chocolate,web-site,129.47,134.26
12/11/2024,Caramel Creme Dream,Robusta,Bright and fruity with floral notes,in-store,127.69,60.58
31/1/2024,Espresso Elegance,Catimor,Smooth and nutty with a caramel finish,web-site,138.12,188.09
26/11/2024,Jamaican Java Joy,Catimor,Dark roast with a smoky undertone,whatsapp,61.32,208.23
3/3/2024,Costa Rican Classic,Robusta,Rich and bold with hints of chocolate,web-site,30.8,77.47
8/6/2024,Guatemalan Gold,Robusta,Light and crisp with a citrus twist,whatsapp,44.82,171.03
26/4/2024,Dark Roast Delight,Robusta,Rich and bold with hints of chocolate,whatsapp,110.79,92.76
10/3/2024,Costa Rican Classic,Robusta,Smooth and nutty with a caramel finish,instagram,41.34,37.15
13/11/2024,Brazilian Beauty,Arabica,Dark roast with a smoky undertone,instagram,57.4,208.96
6/11/2024,Guatemalan Gold,Catimor,Smooth and nutty with a caramel finish,in-store,25.74,140.4
10/2/2024,Sumatra Sunrise,Liberica,Bright and fruity with floral notes,instagram,47.5,49.87
3/6/2024,Sumatra Sunrise,Excelsa,Rich and bold with hints of chocolate,whatsapp,100.29,40.93
8/1/2024,Dark Roast Delight,Arabica,Smooth and nutty with a caramel finish,in-store,32.58,152.01
10/4/2024,Espresso Elegance,Excelsa,Light and crisp with a citrus twist,instagram,73.79,143.11
30/10/2024,Hazelnut Heaven,Arabica,Rich and bold with hints of chocolate,in-store,143.98,175.04
10/10/2024,Caramel Creme Dream,Excelsa,Bright and fruity with floral notes,whatsapp,77.13,196.43
3/6/2024,Dark Roast Delight,Excelsa,Light and crisp with a citrus twist,whatsapp,42.78,103.11
13/11/2024,Colombian Comfort,Liberica,Bright and fruity with floral notes,in-store,44.72,115.15
6/5/2024,Mocha Madness,Excelsa,Smooth and nutty with a caramel finish,in-store,136.99,170.07
14/12/2024,Espresso Elegance,Liberica,Dark roast with a smoky undertone,whatsapp,78.16,104.0
20/5/2024,Costa Rican Classic,Catimor,Bright and fruity with floral notes,web-site,111.73,112.22
4/11/2024,Dark Roast Delight,Arabica,Rich and bold with hints of chocolate,in-store,30.26,120.66
15/8/2024,Espresso Elegance,Robusta,Dark roast with a smoky undertone,instagram,100.2,94.72
13/3/2024,Dark Roast Delight,Arabica,Light and crisp with a citrus twist,whatsapp,56.83,134.6
17/12/2024,French Vanilla Fantasy,Liberica,Bright and fruity with floral notes,instagram,69.44,140.69
20/2/2024,Jamaican Java Joy,Catimor,Dark roast with a smoky undertone,web-site,132.08,109.32
10/5/2024,Sumatra Sunrise,Liberica,Bright and fruity with floral notes,instagram,75.63,101.08
21/8/2024,Jamaican Java Joy,Catimor,Smooth and nutty with a caramel finish,web-site,60.63,205.54
6/5/2024,Ethiopian Excellence,Catimor,Rich and bold with hints of chocolate,in-store,28.74,86.45
25/9/2024,Ethiopian Excellence,Excelsa,Bright and fruity with floral notes,in-store,77.58,36.24
5/11/2024,Hazelnut Heaven,Robusta,Dark roast with a smoky undertone,whatsapp,82.25,91.82
28/10/2024,Costa Rican Classic,Catimor,Light and crisp with a citrus twist,instagram,72.33,38.46
17/5/2024,Mocha Madness,Robusta,Light and crisp with a citrus twist,instagram,89.43,167.01
1/7/2024,Ethiopian Excellence,Arabica,Bright and fruity with floral notes,web-site,56.06,73.03
21/3/2024,Guatemalan Gold,Excelsa,Rich and bold with hints of chocolate,in-store,130.09,55.65
6/7/2024,Ethiopian Excellence,Robusta,Bright and fruity with floral notes,web-site,70.19,60.11
26/6/2024,Guatemalan Gold,Catimor,Rich and bold with hints of chocolate,web-site,76.22,198.46
18/10/2024,Costa Rican Classic,Robusta,Dark roast with a smoky undertone,web-site,49.01,31.54
20/3/2024,Sumatra Sunrise,Robusta,Light and crisp with a citrus twist,in-store,60.29,186.3
7/12/2024,Dark Roast Delight,Excelsa,Rich and bold with hints of chocolate,instagram,107.64,70.56
11/3/2024,Dark Roast Delight,Arabica,Bright and fruity with floral notes,in-store,56.12,86.38
22/4/2024,French Vanilla Fantasy,Arabica,Smooth and nutty with a caramel finish,in-store,90.65,187.43
27/4/2024,Caramel Creme Dream,Excelsa,Light and crisp with a citrus twist,whatsapp,86.34,44.62
17/5/2024,Mocha Madness,Liberica,Dark roast with a smoky undertone,web-site,63.7,114.74
24/11/2024,Espresso Elegance,Catimor,Dark roast with a smoky undertone,in-store,148.93,64.34
1/8/2024,Mocha Madness,Excelsa,Rich and bold with hints of chocolate,in-store,130.97,89.9
26/8/2024,Sumatra Sunrise,Robusta,Rich and bold with hints of chocolate,instagram,140.12,137.46
28/10/2024,Mocha Madness,Robusta,Light and crisp with a citrus twist,whatsapp,109.63,164.36
18/1/2024,Caramel Creme Dream,Liberica,Smooth and nutty with a caramel finish,whatsapp,28.37,147.99
30/6/2024,Ethiopian Excellence,Arabica,Rich and bold with hints of chocolate,web-site,66.93,183.76
4/4/2024,Morning Blend Magic,Liberica,Dark roast with a smoky undertone,whatsapp,111.22,161.36
19/3/2024,Caramel Creme Dream,Catimor,Light and crisp with a citrus twist,instagram,94.42,179.16
14/12/2024,Mocha Madness,Excelsa,Bright and fruity with floral notes,instagram,143.87,155.49
8/1/2024,Brazilian Beauty,Robusta,Smooth and nutty with a caramel finish,whatsapp,39.88,58.03
6/7/2024,Jamaican Java Joy,Robusta,Rich and bold with hints of chocolate,web-site,74.2,83.13
4/11/2024,Morning Blend Magic,Excelsa,Dark roast with a smoky undertone,instagram,33.09,44.5
12/11/2024,Mocha Madness,Excelsa,Dark roast with a smoky undertone,whatsapp,60.44,102.99
3/5/2024,Costa Rican Classic,Catimor,Rich and bold with hints of chocolate,whatsapp,109.81,112.42
15/2/2024,Colombian Comfort,Excelsa,Light and crisp with a citrus twist,web-site,132.59,52.55
7/3/2024,Costa Rican Classic,Excelsa,Light and crisp with a citrus twist,in-store,79.74,61.67
25/3/2024,Brazilian Beauty,Catimor,Bright and fruity with floral notes,in-store,106.68,147.82
11/2/2024,Costa Rican Classic,Excelsa,Dark roast with a smoky undertone,in-store,50.44,67.89
1/3/2024,Ethiopian Excellence,Catimor,Bright and fruity with floral notes,in-store,81.71,79.47
16/11/2024,Colombian Comfort,Catimor,Bright and fruity with floral notes,web-site,66.13,80.5
20/4/2024,Colombian Comfort,Robusta,Dark roast with a smoky undertone,whatsapp,66.79,83.62
12/3/2024,French Vanilla Fantasy,Arabica,Bright and fruity with floral notes,instagram,68.17,40.62
31/8/2024,Peruvian Perfection,Catimor,Dark roast with a smoky undertone,instagram,57.94,192.47
28/9/2024,Caramel Creme Dream,Arabica,Dark roast with a smoky undertone,whatsapp,67.09,208.38
10/4/2024,French Vanilla Fantasy,Excelsa,Rich and bold with hints of chocolate,in-store,41.74,39.7
8/1/2024,Sumatra Sunrise,Liberica,Light and crisp with a citrus twist,in-store,142.6,84.01
5/11/2024,Guatemalan Gold,Robusta,Bright and fruity with floral notes,whatsapp,51.95,99.82
4/2/2024,Espresso Elegance,Arabica,Bright and fruity with floral notes,web-site,39.31,97.1
8/2/2024,Colombian Comfort,Liberica,Rich and bold with hints of chocolate,whatsapp,97.11,125.71
4/3/2024,French Vanilla Fantasy,Robusta,Bright and fruity with floral notes,in-store,109.29,104.24
5/5/2024,Mocha Madness,Excelsa,Dark roast with a smoky undertone,in-store,103.38,141.75
13/7/2024,Dark Roast Delight,Arabica,Smooth and nutty with a caramel finish,in-store,60.01,123.79
5/2/2024,Caramel Creme Dream,Excelsa,Light and crisp with a citrus twist,whatsapp,149.47,203.19
7/3/2024,Costa Rican Classic,Robusta,Dark roast with a smoky undertone,instagram,35.29,137.26
20/4/2024,Peruvian Perfection,Excelsa,Rich and bold with hints of chocolate,in-store,35.29,152.75
12/5/2024,Jamaican Java Joy,Catimor,Dark roast with a smoky undertone,whatsapp,98.7,175.42
21/2/2024,Espresso Elegance,Excelsa,Dark roast with a smoky undertone,whatsapp,58.43,190.09
9/5/2024,Mocha Madness,Excelsa,Light and crisp with a citrus twist,web-site,61.84,112.85
10/3/2024,Jamaican Java Joy,Arabica,Rich and bold with hints of chocolate,web-site,67.24,147.37
7/9/2024,Colombian Comfort,Liberica,Light and crisp with a citrus twist,web-site,141.97,107.77
1/10/2024,Hazelnut Heaven,Excelsa,Bright and fruity with floral notes,web-site,87.28,107.51
21/11/2024,Costa Rican Classic,Arabica,Light and crisp with a citrus twist,instagram,138.89,128.16
15/3/2024,Sumatra Sunrise,Arabica,Rich and bold with hints of chocolate,instagram,40.51,45.67
8/5/2024,Jamaican Java Joy,Excelsa,Bright and fruity with floral notes,in-store,81.27,54.95
17/10/2024,Dark Roast Delight,Catimor,Dark roast with a smoky undertone,whatsapp,44.37,133.84
8/6/2024,Morning Blend Magic,Arabica,Smooth and nutty with a caramel finish,in-store,63.25,46.76
5/2/2024,Jamaican Java Joy,Arabica,Bright and fruity with floral notes,in-store,59.59,194.03
5/9/2024,Espresso Elegance,Liberica,Bright and fruity with floral notes,whatsapp,128.19,190.05
14/2/2024,Costa Rican Classic,Catimor,Light and crisp with a citrus twist,instagram,60.33,196.0
8/1/2024,Jamaican Java Joy,Arabica,Bright and fruity with floral notes,in-store,148.21,53.91
12/7/2024,Sumatra Sunrise,Catimor,Bright and fruity with floral notes,whatsapp,47.36,146.87
22/9/2024,Ethiopian Excellence,Excelsa,Rich and bold with hints of chocolate,in-store,106.02,143.43
14/7/2024,Mocha Madness,Arabica,Smooth and nutty with a caramel finish,in-store,47.31,72.65
14/6/2024,Guatemalan Gold,Robusta,Light and crisp with a citrus twist,whatsapp,83.49,40.34
15/6/2024,Sumatra Sunrise,Excelsa,Rich and bold with hints of chocolate,web-site,70.5,77.73
29/4/2024,Colombian Comfort,Catimor,Bright and fruity with floral notes,web-site,43.04,166.13
13/8/2024,Hazelnut Heaven,Excelsa,Light and crisp with a citrus twist,whatsapp,32.69,67.24
26/4/2024,French Vanilla Fantasy,Robusta,Light and crisp with a citrus twist,whatsapp,39.82,50.39
22/10/2024,Costa Rican Classic,Liberica,Smooth and nutty with a caramel finish,in-store,104.83,138.64
23/5/2024,Jamaican Java Joy,Robusta,Rich and bold with hints of chocolate,web-site,142.49,151.86
1/5/2024,Colombian Comfort,Liberica,Light and crisp with a citrus twist,whatsapp,45.03,120.91
9/12/2024,Espresso Elegance,Arabica,Rich and bold with hints of chocolate,in-store,139.64,72.42
21/11/2024,Mocha Madness,Excelsa,Rich and bold with hints of chocolate,instagram,108.67,71.05
21/5/2024,Espresso Elegance,Robusta,Smooth and nutty with a caramel finish,whatsapp,61.97,206.48
23/7/2024,Mocha Madness,Arabica,Light and crisp with a citrus twist,web-site,60.76,52.05
21/7/2024,Hazelnut Heaven,Catimor,Rich and bold with hints of chocolate,in-store,39.75,171.79
27/1/2024,Caramel Creme Dream,Arabica,Bright and fruity with floral notes,web-site,50.86,72.26
15/7/2024,French Vanilla Fantasy,Catimor,Bright and fruity with floral notes,in-store,105.28,141.68
14/12/2024,Sumatra Sunrise,Arabica,Bright and fruity with floral notes,instagram,134.49,152.96
10/6/2024,Dark Roast Delight,Robusta,Smooth and nutty with a caramel finish,whatsapp,27.06,148.92
4/11/2024,Costa Rican Classic,Catimor,Bright and fruity with floral notes,whatsapp,128.12,179.47
25/7/2024,Espresso Elegance,Liberica,Rich and bold with hints of chocolate,instagram,58.07,205.23
9/9/2024,Colombian Comfort,Excelsa,Smooth and nutty with a caramel finish,web-site,51.56,206.17
5/4/2024,Ethiopian Excellence,Liberica,Smooth and nutty with a caramel finish,whatsapp,135.24,38.47
12/12/2024,Peruvian Perfection,Robusta,Smooth and nutty with a caramel finish,web-site,52.13,194.09
27/1/2024,Sumatra Sunrise,Arabica,Light and crisp with a citrus twist,web-site,107.67,166.46
2/4/2024,Caramel Creme Dream,Catimor,Dark roast with a smoky undertone,web-site,63.0,138.51
3/10/2024,Morning Blend Magic,Robusta,Bright and fruity with floral notes,in-store,123.16,171.06
14/4/2024,Costa Rican Classic,Arabica,Bright and fruity with floral notes,in-store,147.23,106.49
21/11/2024,Hazelnut Heaven,Arabica,Smooth and nutty with a caramel finish,web-site,140.71,155.6
19/6/2024,Dark Roast Delight,Arabica,Rich and bold with hints of chocolate,whatsapp,58.18,112.77
6/10/2024,Guatemalan Gold,Liberica,Bright and fruity with floral notes,in-store,39.03,49.87
11/7/2024,Ethiopian Excellence,Excelsa,Smooth and nutty with a caramel finish,in-store,70.01,141.13
11/12/2024,Caramel Creme Dream,Excelsa,Rich and bold with hints of chocolate,in-store,104.13,162.05
18/8/2024,Brazilian Beauty,Robusta,Dark roast with a smoky undertone,instagram,41.64,198.68
29/8/2024,Caramel Creme Dream,Excelsa,Light and crisp with a citrus twist,web-site,82.47,193.42
4/9/2024,Colombian Comfort,Arabica,Smooth and nutty with a caramel finish,instagram,144.84,171.41
4/7/2024,Hazelnut Heaven,Arabica,Smooth and nutty with a caramel finish,whatsapp,46.24,120.59
3/10/2024,Costa Rican Classic,Liberica,Rich and bold with hints of chocolate,in-store,126.57,118.77
2/8/2024,Sumatra Sunrise,Liberica,Light and crisp with a citrus twist,whatsapp,68.05,206.6
6/11/2024,Colombian Comfort,Robusta,Bright and fruity with floral notes,instagram,73.31,186.98
6/11/2024,Jamaican Java Joy,Catimor,Smooth and nutty with a caramel finish,web-site,36.76,104.09
23/1/2024,Brazilian Beauty,Catimor,Smooth and nutty with a caramel finish,instagram,123.04,149.52
16/11/2024,Brazilian Beauty,Arabica,Smooth and nutty with a caramel finish,instagram,29.16,100.23
23/12/2024,French Vanilla Fantasy,Catimor,Dark roast with a smoky undertone,in-store,38.65,140.59
1/4/2024,Jamaican Java Joy,Liberica,Dark roast with a smoky undertone,instagram,42.19,43.06
11/4/2024,Colombian Comfort,Arabica,Light and crisp with a citrus twist,whatsapp,72.47,71.03
8/1/2024,Morning Blend Magic,Catimor,Bright and fruity with floral notes,whatsapp,37.25,56.09
8/6/2024,Hazelnut Heaven,Robusta,Bright and fruity with floral notes,instagram,108.75,61.87
28/8/2024,Hazelnut Heaven,Catimor,Rich and bold with hints of chocolate,in-store,143.85,178.4
25/10/2024,Ethiopian Excellence,Robusta,Rich and bold with hints of chocolate,in-store,120.31,152.44
11/12/2024,Dark Roast Delight,Robusta,Bright and fruity with floral notes,whatsapp,23.82,147.7
19/10/2024,French Vanilla Fantasy,Excelsa,Dark roast with a smoky undertone,whatsapp,27.86,205.56
28/1/2024,Guatemalan Gold,Excelsa,Bright and fruity with floral notes,instagram,136.54,192.07
9/1/2024,Brazilian Beauty,Arabica,Smooth and nutty with a caramel finish,in-store,149.76,121.37
23/1/2024,Jamaican Java Joy,Catimor,Light and crisp with a citrus twist,web-site,135.18,201.33
20/12/2024,Dark Roast Delight,Excelsa,Bright and fruity with floral notes,whatsapp,83.77,211.36
29/5/2024,Mocha Madness,Catimor,Bright and fruity with floral notes,instagram,99.61,151.59
17/5/2024,Morning Blend Magic,Catimor,Dark roast with a smoky undertone,instagram,34.82,131.51
26/8/2024,Caramel Creme Dream,Arabica,Smooth and nutty with a caramel finish,web-site,92.18,166.19
11/5/2024,Hazelnut Heaven,Arabica,Rich and bold with hints of chocolate,whatsapp,22.0,127.21
1/1/2024,Peruvian Perfection,Liberica,Smooth and nutty with a caramel finish,instagram,86.52,66.72
31/7/2024,Brazilian Beauty,Arabica,Dark roast with a smoky undertone,web-site,110.72,99.02
28/5/2024,Sumatra Sunrise,Arabica,Light and crisp with a citrus twist,in-store,107.51,139.47
9/10/2024,Dark Roast Delight,Liberica,Rich and bold with hints of chocolate,instagram,97.95,136.79
4/5/2024,Dark Roast Delight,Arabica,Light and crisp with a citrus twist,web-site,45.31,149.42
17/8/2024,Peruvian Perfection,Robusta,Light and crisp with a citrus twist,in-store,25.51,132.8
8/12/2024,French Vanilla Fantasy,Excelsa,Smooth and nutty with a caramel finish,instagram,105.34,32.09
1/10/2024,Ethiopian Excellence,Catimor,Light and crisp with a citrus twist,whatsapp,94.22,53.35
5/8/2024,Sumatra Sunrise,Excelsa,Smooth and nutty with a caramel finish,web-site,49.15,154.65
4/4/2024,Peruvian Perfection,Arabica,Bright and fruity with floral notes,instagram,114.58,182.81
6/5/2024,Mocha Madness,Excelsa,Bright and fruity with floral notes,web-site,150.0,63.54
22/2/2024,Jamaican Java Joy,Liberica,Light and crisp with a citrus twist,in-store,69.55,80.28
16/3/2024,Colombian Comfort,Arabica,Bright and fruity with floral notes,web-site,99.04,184.8
29/4/2024,Hazelnut Heaven,Arabica,Bright and fruity with floral notes,whatsapp,68.95,176.19
15/8/2024,Dark Roast Delight,Catimor,Smooth and nutty with a caramel finish,web-site,45.05,64.11
4/7/2024,Caramel Creme Dream,Arabica,Dark roast with a smoky undertone,instagram,72.52,154.0
28/2/2024,Jamaican Java Joy,Arabica,Light and crisp with a citrus twist,in-store,115.39,81.39
5/2/2024,Morning Blend Magic,Excelsa,Rich and bold with hints of chocolate,in-store,121.67,154.38
15/8/2024,Mocha Madness,Liberica,Smooth and nutty with a caramel finish,in-store,86.08,43.19
28/6/2024,French Vanilla Fantasy,Catimor,Light and crisp with a citrus twist,web-site,79.91,149.49
22/1/2024,Jamaican Java Joy,Liberica,Bright and fruity with floral notes,in-store,34.5,183.69
3/7/2024,Caramel Creme Dream,Excelsa,Bright and fruity with floral notes,instagram,103.74,58.43
6/12/2024,Dark Roast Delight,Robusta,Light and crisp with a citrus twist,instagram,113.62,30.2
17/5/2024,Mocha Madness,Catimor,Light and crisp with a citrus twist,instagram,110.59,120.96
9/9/2024,Brazilian Beauty,Robusta,Light and crisp with a citrus twist,whatsapp,20.52,181.08
2/3/2024,Mocha Madness,Catimor,Bright and fruity with floral notes,web-site,36.87,49.53
13/10/2024,Peruvian Perfection,Excelsa,Dark roast with a smoky undertone,whatsapp,83.99,167.05
28/11/2024,Costa Rican Classic,Excelsa,Bright and fruity with floral notes,whatsapp,63.39,87.28
22/11/2024,Ethiopian Excellence,Liberica,Bright and fruity with floral notes,whatsapp,94.85,105.25
15/12/2024,Ethiopian Excellence,Arabica,Light and crisp with a citrus twist,web-site,100.48,173.92
2/5/2024,Mocha Madness,Robusta,Dark roast with a smoky undertone,instagram,145.78,141.37
17/1/2024,Costa Rican Classic,Catimor,Rich and bold with hints of chocolate,in-store,92.62,89.0
19/5/2024,Guatemalan Gold,Excelsa,Dark roast with a smoky undertone,in-store,38.65,138.19
7/4/2024,Caramel Creme Dream,Liberica,Dark roast with a smoky undertone,in-store,66.09,40.37
13/2/2024,Colombian Comfort,Catimor,Dark roast with a smoky undertone,instagram,104.74,166.98
9/10/2024,Ethiopian Excellence,Robusta,Light and crisp with a citrus twist,whatsapp,128.39,146.94
13/10/2024,Espresso Elegance,Robusta,Bright and fruity with floral notes,in-store,126.52,104.47
12/1/2024,Sumatra Sunrise,Catimor,Rich and bold with hints of chocolate,whatsapp,132.25,52.34
3/6/2024,Dark Roast Delight,Arabica,Rich and bold with hints of chocolate,in-store,48.3,209.82
25/1/2024,Brazilian Beauty,Catimor,Rich and bold with hints of chocolate,instagram,102.79,56.67
1/6/2024,Dark Roast Delight,Liberica,Dark roast with a smoky undertone,web-site,60.4,201.59
13/11/2024,Jamaican Java Joy,Liberica,Dark roast with a smoky undertone,instagram,47.6,135.75
25/5/2024,Guatemalan Gold,Catimor,Rich and bold with hints of chocolate,whatsapp,106.83,88.43
11/5/2024,Ethiopian Excellence,Arabica,Light and crisp with a citrus twist,instagram,49.27,154.59
1/1/2024,Sumatra Sunrise,Catimor,Light and crisp with a citrus twist,web-site,95.79,198.43
2/1/2024,French Vanilla Fantasy,Robusta,Dark roast with a smoky undertone,in-store,86.18,160.7
29/7/2024,Guatemalan Gold,Excelsa,Smooth and nutty with a caramel finish,whatsapp,96.69,134.9
4/4/2024,Costa Rican Classic,Liberica,Dark roast with a smoky undertone,web-site,52.4,38.22
8/5/2024,Hazelnut Heaven,Liberica,Smooth and nutty with a caramel finish,instagram,23.24,173.3
28/12/2024,Morning Blend Magic,Liberica,Bright and fruity with floral notes,instagram,139.61,97.12
5/10/2024,Dark Roast Delight,Arabica,Smooth and nutty with a caramel finish,instagram,109.5,210.63
7/9/2024,Costa Rican Classic,Liberica,Bright and fruity with floral notes,web-site,139.3,47.67
22/11/2024,Peruvian Perfection,Liberica,Smooth and nutty with a caramel finish,web-site,71.68,75.4
11/9/2024,Costa Rican Classic,Robusta,Rich and bold with hints of chocolate,in-store,56.9,190.88
25/8/2024,Mocha Madness,Catimor,Light and crisp with a citrus twist,web-site,75.32,194.04
18/5/2024,Sumatra Sunrise,Catimor,Bright and fruity with floral notes,in-store,126.72,29.12
7/8/2024,Ethiopian Excellence,Excelsa,Bright and fruity with floral notes,whatsapp,101.62,136.19
23/1/2024,Caramel Creme Dream,Arabica,Light and crisp with a citrus twist,in-store,69.02,154.76
5/2/2024,Mocha Madness,Arabica,Smooth and nutty with a caramel finish,in-store,149.83,31.29
10/7/2024,Guatemalan Gold,Catimor,Bright and fruity with floral notes,instagram,133.37,72.84
27/6/2024,Jamaican Java Joy,Excelsa,Rich and bold with hints of chocolate,whatsapp,23.83,118.93
17/9/2024,Guatemalan Gold,Excelsa,Dark roast with a smoky undertone,whatsapp,112.09,79.58
5/5/2024,Caramel Creme Dream,Catimor,Bright and fruity with floral notes,whatsapp,82.64,106.0
8/9/2024,Mocha Madness,Excelsa,Dark roast with a smoky undertone,in-store,66.3,94.34
8/10/2024,French Vanilla Fantasy,Robusta,Smooth and nutty with a caramel finish,whatsapp,120.12,38.98
8/6/2024,Sumatra Sunrise,Arabica,Dark roast with a smoky undertone,in-store,126.54,187.8
21/12/2024,Peruvian Perfection,Arabica,Smooth and nutty with a caramel finish,instagram,41.23,93.76
3/8/2024,Hazelnut Heaven,Catimor,Dark roast with a smoky undertone,in-store,104.49,64.63
10/1/2024,Brazilian Beauty,Catimor,Smooth and nutty with a caramel finish,in-store,39.77,40.46
2/5/2024,Sumatra Sunrise,Arabica,Light and crisp with a citrus twist,whatsapp,96.62,155.76
10/7/2024,Dark Roast Delight,Arabica,Bright and fruity with floral notes,instagram,34.57,116.04
10/7/2024,French Vanilla Fantasy,Arabica,Rich and bold with hints of chocolate,instagram,22.96,98.63
24/1/2024,Jamaican Java Joy,Arabica,Dark roast with a smoky undertone,instagram,68.93,157.32
21/4/2024,Mocha Madness,Excelsa,Dark roast with a smoky undertone,in-store,48.38,58.66
9/9/2024,French Vanilla Fantasy,Robusta,Dark roast with a smoky undertone,instagram,30.78,64.95
2/7/2024,Dark Roast Delight,Robusta,Light and crisp with a citrus twist,in-store,132.86,52.81
25/5/2024,Guatemalan Gold,Catimor,Bright and fruity with floral notes,web-site,143.32,160.44
5/1/2024,Brazilian Beauty,Arabica,Smooth and nutty with a caramel finish,instagram,120.36,88.57
10/11/2024,Mocha Madness,Robusta,Rich and bold with hints of chocolate,in-store,37.75,146.37
12/4/2024,Sumatra Sunrise,Robusta,Light and crisp with a citrus twist,in-store,63.16,83.04
1/5/2024,Jamaican Java Joy,Excelsa,Dark roast with a smoky undertone,in-store,84.48,125.26
17/10/2024,Colombian Comfort,Catimor,Dark roast with a smoky undertone,web-site,42.57,95.39
15/9/2024,Brazilian Beauty,Robusta,Dark roast with a smoky undertone,in-store,69.34,48.84
8/11/2024,French Vanilla Fantasy,Catimor,Rich and bold with hints of chocolate,whatsapp,62.73,182.54
18/7/2024,Brazilian Beauty,Arabica,Rich and bold with hints of chocolate,web-site,147.48,50.26
19/10/2024,Brazilian Beauty,Excelsa,Light and crisp with a citrus twist,whatsapp,138.73,57.93
2/10/2024,Morning Blend Magic,Excelsa,Dark roast with a smoky undertone,instagram,21.43,184.07
14/2/2024,Caramel Creme Dream,Excelsa,Smooth and nutty with a caramel finish,in-store,82.92,67.01
22/3/2024,Peruvian Perfection,Catimor,Dark roast with a smoky undertone,whatsapp,95.1,106.42
5/10/2024,Peruvian Perfection,Catimor,Smooth and nutty with a caramel finish,instagram,43.47,43.43
19/9/2024,Dark Roast Delight,Robusta,Light and crisp with a citrus twist,web-site,129.89,84.32
21/7/2024,Guatemalan Gold,Arabica,Dark roast with a smoky undertone,whatsapp,26.15,114.83
16/1/2024,Hazelnut Heaven,Catimor,Smooth and nutty with a caramel finish,web-site,47.73,112.95
24/4/2024,Colombian Comfort,Robusta,Rich and bold with hints of chocolate,web-site,55.91,163.45
25/11/2024,Sumatra Sunrise,Liberica,Smooth and nutty with a caramel finish,instagram,107.25,130.89
12/9/2024,Colombian Comfort,Excelsa,Light and crisp with a citrus twist,instagram,146.26,128.26
24/4/2024,Colombian Comfort,Catimor,Light and crisp with a citrus twist,in-store,33.4,50.46
11/8/2024,Peruvian Perfection,Catimor,Rich and bold with hints of chocolate,web-site,78.96,102.4
24/2/2024,Dark Roast Delight,Catimor,Smooth and nutty with a caramel finish,instagram,88.23,30.12
16/2/2024,Morning Blend Magic,Excelsa,Bright and fruity with floral notes,instagram,92.02,31.03
8/4/2024,Peruvian Perfection,Robusta,Smooth and nutty with a caramel finish,whatsapp,29.75,80.03
10/12/2024,Caramel Creme Dream,Robusta,Bright and fruity with floral notes,in-store,125.76,173.33
24/11/2024,Caramel Creme Dream,Liberica,Dark roast with a smoky undertone,in-store,64.39,124.93
1/6/2024,Ethiopian Excellence,Robusta,Rich and bold with hints of chocolate,whatsapp,33.76,168.54
8/11/2024,Brazilian Beauty,Excelsa,Rich and bold with hints of chocolate,in-store,92.87,77.47
6/7/2024,Colombian Comfort,Robusta,Smooth and nutty with a caramel finish,in-store,102.47,63.33
12/10/2024,Brazilian Beauty,Excelsa,Rich and bold with hints of chocolate,web-site,75.22,38.31
7/10/2024,Mocha Madness,Excelsa,Dark roast with a smoky undertone,web-site,25.38,41.33
14/7/2024,Colombian Comfort,Catimor,Smooth and nutty with a caramel finish,web-site,148.04,56.61
3/12/2024,Morning Blend Magic,Excelsa,Bright and fruity with floral notes,web-site,89.97,138.42
3/4/2024,Ethiopian Excellence,Robusta,Dark roast with a smoky undertone,whatsapp,62.32,147.83
9/5/2024,Guatemalan Gold,Robusta,Light and crisp with a citrus twist,web-site,101.2,34.35
7/7/2024,Caramel Creme Dream,Liberica,Smooth and nutty with a caramel finish,in-store,128.38,111.9
29/12/2024,Peruvian Perfection,Excelsa,Rich and bold with hints of chocolate,web-site,117.66,56.39
28/11/2024,Morning Blend Magic,Catimor,Bright and fruity with floral notes,in-store,36.08,119.79
22/5/2024,Costa Rican Classic,Robusta,Smooth and nutty with a caramel finish,in-store,115.26,177.31
14/2/2024,Sumatra Sunrise,Liberica,Rich and bold with hints of chocolate,instagram,82.01,140.36
23/3/2024,French Vanilla Fantasy,Catimor,Dark roast with a smoky undertone,instagram,23.89,165.81
14/4/2024,Ethiopian Excellence,Excelsa,Smooth and nutty with a caramel finish,in-store,111.38,210.73
20/11/2024,Costa Rican Classic,Liberica,Dark roast with a smoky undertone,web-site,57.61,178.36
20/8/2024,Peruvian Perfection,Arabica,Light and crisp with a citrus twist,in-store,61.64,70.11
26/6/2024,Mocha Madness,Arabica,Smooth and nutty with a caramel finish,instagram,74.63,54.98
21/3/2024,Caramel Creme Dream,Excelsa,Smooth and nutty with a caramel finish,web-site,104.24,129.56
22/2/2024,Sumatra Sunrise,Arabica,Rich and bold with hints of chocolate,in-store,106.37,139.86
15/5/2024,Ethiopian Excellence,Liberica,Light and crisp with a citrus twist,instagram,127.39,110.43
12/6/2024,Espresso Elegance,Catimor,Smooth and nutty with a caramel finish,in-store,141.26,33.04
19/3/2024,Espresso Elegance,Excelsa,Smooth and nutty with a caramel finish,whatsapp,101.1,104.71
21/4/2024,Hazelnut Heaven,Catimor,Rich and bold with hints of chocolate,web-site,90.91,124.73
10/7/2024,French Vanilla Fantasy,Liberica,Bright and fruity with floral notes,web-site,124.86,92.95
29/3/2024,Costa Rican Classic,Liberica,Bright and fruity with floral notes,instagram,52.86,135.38
29/2/2024,French Vanilla Fantasy,Liberica,Dark roast with a smoky undertone,whatsapp,87.54,124.91
16/3/2024,Caramel Creme Dream,Excelsa,Smooth and nutty with a caramel finish,instagram,76.52,199.41
24/4/2024,Guatemalan Gold,Catimor,Dark roast with a smoky undertone,web-site,81.18,154.19
17/2/2024,Sumatra Sunrise,Arabica,Bright and fruity with floral notes,web-site,97.19,128.32
8/7/2024,Mocha Madness,Catimor,Light and crisp with a citrus twist,instagram,79.79,45.15
17/5/2024,Mocha Madness,Liberica,Smooth and nutty with a caramel finish,in-store,130.78,114.54
21/4/2024,Ethiopian Excellence,Excelsa,Dark roast with a smoky undertone,in-store,32.87,153.08
24/4/2024,Espresso Elegance,Robusta,Rich and bold with hints of chocolate,in-store,53.98,35.91
16/5/2024,Ethiopian Excellence,Liberica,Smooth and nutty with a caramel finish,in-store,110.85,128.46
3/10/2024,Caramel Creme Dream,Liberica,Dark roast with a smoky undertone,whatsapp,51.76,176.19
6/7/2024,Espresso Elegance,Arabica,Dark roast with a smoky undertone,instagram,137.79,138.32
27/3/2024,French Vanilla Fantasy,Catimor,Bright and fruity with floral notes,instagram,70.95,48.37
23/5/2024,Ethiopian Excellence,Liberica,Light and crisp with a citrus twist,instagram,138.21,163.77
14/7/2024,Caramel Creme Dream,Liberica,Smooth and nutty with a caramel finish,in-store,138.2,108.36
26/9/2024,Espresso Elegance,Arabica,Light and crisp with a citrus twist,web-site,89.73,144.26
19/7/2024,Guatemalan Gold,Liberica,Bright and fruity with floral notes,web-site,102.9,53.16
29/2/2024,Hazelnut Heaven,Liberica,Smooth and nutty with a caramel finish,in-store,102.11,63.57
13/12/2024,Costa Rican Classic,Arabica,Dark roast with a smoky undertone,instagram,63.22,87.21
30/1/2024,Brazilian Beauty,Robusta,Dark roast with a smoky undertone,web-site,99.38,43.97
23/4/2024,French Vanilla Fantasy,Arabica,Smooth and nutty with a caramel finish,whatsapp,75.22,108.8
6/9/2024,Colombian Comfort,Robusta,Dark roast with a smoky undertone,instagram,84.9,69.14
25/6/2024,Mocha Madness,Arabica,Smooth and nutty with a caramel finish,whatsapp,126.61,194.5
27/11/2024,Costa Rican Classic,Arabica,Dark roast with a smoky undertone,in-store,77.3,35.43
30/9/2024,Dark Roast Delight,Excelsa,Bright and fruity with floral notes,web-site,110.03,121.58
10/9/2024,Caramel Creme Dream,Robusta,Rich and bold with hints of chocolate,instagram,83.32,64.46
27/1/2024,Sumatra Sunrise,Excelsa,Smooth and nutty with a caramel finish,instagram,72.17,37.48
19/3/2024,Guatemalan Gold,Robusta,Bright and fruity with floral notes,web-site,61.15,173.95
10/10/2024,Dark Roast Delight,Robusta,Rich and bold with hints of chocolate,instagram,109.2,137.63
27/12/2024,Brazilian Beauty,Arabica,Rich and bold with hints of chocolate,instagram,63.73,98.89
2/8/2024,Ethiopian Excellence,Catimor,Light and crisp with a citrus twist,instagram,50.31,88.89
19/9/2024,Jamaican Java Joy,Excelsa,Light and crisp with a citrus twist,instagram,108.2,61.56
4/11/2024,Dark Roast Delight,Liberica,Rich and bold with hints of chocolate,in-store,149.2,161.13
2/5/2024,French Vanilla Fantasy,Arabica,Bright and fruity with floral notes,in-store,69.75,142.78
1/5/2024,Guatemalan Gold,Excelsa,Light and crisp with a citrus twist,instagram,27.64,194.0
7/1/2024,Espresso Elegance,Excelsa,Dark roast with a smoky undertone,whatsapp,84.06,127.07
21/9/2024,Brazilian Beauty,Catimor,Light and crisp with a citrus twist,web-site,67.75,59.78
19/6/2024,Jamaican Java Joy,Catimor,Dark roast with a smoky undertone,in-store,70.53,82.9
13/1/2024,Espresso Elegance,Excelsa,Smooth and nutty with a caramel finish,web-site,34.43,33.91
14/3/2024,Hazelnut Heaven,Catimor,Smooth and nutty with a caramel finish,web-site,82.29,114.45
22/8/2024,Ethiopian Excellence,Excelsa,Dark roast with a smoky undertone,whatsapp,69.99,142.94
20/3/2024,Costa Rican Classic,Catimor,Smooth and nutty with a caramel finish,instagram,40.97,175.59
14/5/2024,Caramel Creme Dream,Excelsa,Dark roast with a smoky undertone,whatsapp,29.88,177.64
14/10/2024,Sumatra Sunrise,Liberica,Smooth and nutty with a caramel finish,whatsapp,38.0,182.77
5/3/2024,Mocha Madness,Robusta,Smooth and nutty with a caramel finish,whatsapp,90.13,157.07
16/4/2024,Morning Blend Magic,Excelsa,Rich and bold with hints of chocolate,in-store,94.03,152.59
8/8/2024,Colombian Comfort,Robusta,Dark roast with a smoky undertone,instagram,118.91,151.99
16/4/2024,Mocha Madness,Excelsa,Smooth and nutty with a caramel finish,in-store,57.23,99.12
27/9/2024,Ethiopian Excellence,Liberica,Dark roast with a smoky undertone,instagram,65.06,122.15
3/6/2024,Peruvian Perfection,Catimor,Dark roast with a smoky undertone,web-site,123.9,61.12
14/4/2024,Dark Roast Delight,Arabica,Rich and bold with hints of chocolate,in-store,30.91,35.52
23/12/2024,Espresso Elegance,Arabica,Light and crisp with a citrus twist,web-site,89.67,90.36
2/10/2024,Peruvian Perfection,Arabica,Bright and fruity with floral notes,in-store,115.85,62.29
7/7/2024,Caramel Creme Dream,Arabica,Light and crisp with a citrus twist,instagram,92.16,165.43
7/12/2024,Peruvian Perfection,Excelsa,Light and crisp with a citrus twist,whatsapp,89.49,189.34
20/8/2024,Ethiopian Excellence,Excelsa,Smooth and nutty with a caramel finish,whatsapp,30.08,167.05
29/8/2024,Brazilian Beauty,Robusta,Dark roast with a smoky undertone,whatsapp,41.01,68.44
22/12/2024,French Vanilla Fantasy,Robusta,Dark roast with a smoky undertone,whatsapp,141.15,51.54
